{"stats":{"minecraft:custom":{"minecraft:animals_bred":92,"minecraft:interact_with_crafting_table":152,"minecraft:open_barrel":115,"minecraft:open_shulker_box":4,"minecraft:bell_ring":2,"minecraft:leave_game":72,"minecraft:time_since_death":895843,"minecraft:sprint_one_cm":3756585,"minecraft:damage_blocked_by_shield":2940,"minecraft:drop":75,"minecraft:talked_to_villager":50,"minecraft:play_time":1612452,"minecraft:deaths":5,"minecraft:jump":20790,"minecraft:walk_on_water_one_cm":235451,"minecraft:interact_with_furnace":139,"minecraft:traded_with_villager":50,"minecraft:sleep_in_bed":75,"minecraft:damage_dealt":26313,"minecraft:crouch_one_cm":262855,"minecraft:mob_kills":202,"minecraft:interact_with_anvil":2,"minecraft:inspect_hopper":28,"minecraft:climb_one_cm":42941,"minecraft:walk_one_cm":2332157,"minecraft:sneak_time":101998,"minecraft:walk_under_water_one_cm":567870,"minecraft:boat_one_cm":2589226,"minecraft:total_world_time":1612452,"minecraft:interact_with_grindstone":5,"minecraft:time_since_rest":1733,"minecraft:damage_taken":8497,"minecraft:swim_one_cm":611793,"minecraft:fly_one_cm":4108533,"minecraft:open_chest":1018,"minecraft:fall_one_cm":486602},"minecraft:used":{"minecraft:cherry_sapling":29,"minecraft:iron_shovel":1886,"minecraft:ladder":28,"minecraft:oak_sign":2,"minecraft:chest":115,"minecraft:shield":56,"minecraft:iron_sword":948,"minecraft:iron_chestplate":1,"minecraft:soul_sand":33,"minecraft:mutton":23,"minecraft:carrot":27,"minecraft:stripped_spruce_log":3,"minecraft:obsidian":13,"minecraft:spruce_boat":2,"minecraft:glass":127,"minecraft:iron_helmet":1,"minecraft:magma_block":2,"minecraft:furnace":6,"minecraft:egg":11,"minecraft:golden_boots":1,"minecraft:chorus_fruit":1,"minecraft:stone_pickaxe":199,"minecraft:oak_planks":15,"minecraft:sandstone":4,"minecraft:sugar_cane":51,"minecraft:sand":3,"minecraft:shears":905,"minecraft:lever":9,"minecraft:bread":119,"minecraft:heavy_weighted_pressure_plate":2,"minecraft:cherry_sign":6,"minecraft:iron_door":1,"minecraft:gravel":36,"minecraft:andesite":24,"minecraft:oak_boat":15,"minecraft:air":10,"minecraft:oak_hanging_sign":6,"minecraft:bone_meal":6,"minecraft:experience_bottle":1,"minecraft:cherry_boat":8,"minecraft:oak_fence":76,"minecraft:oak_trapdoor":2,"minecraft:enchanting_table":1,"minecraft:flint_and_steel":8,"minecraft:redstone":9,"minecraft:spruce_planks":86,"minecraft:cooked_chicken":3,"minecraft:netherrack":342,"minecraft:oak_door":3,"minecraft:torch":50,"minecraft:dirt":923,"minecraft:anvil":2,"minecraft:hopper":20,"minecraft:spruce_stairs":13,"minecraft:shulker_box":2,"minecraft:granite":4,"minecraft:spruce_fence":12,"minecraft:oak_fence_gate":10,"minecraft:iron_hoe":174,"minecraft:bamboo_raft":32,"minecraft:bookshelf":15,"minecraft:iron_axe":1530,"minecraft:cherry_trapdoor":2,"minecraft:iron_boots":1,"minecraft:barrel":5,"minecraft:bamboo":47,"minecraft:beef":6,"minecraft:soul_soil":7,"minecraft:cooked_beef":74,"minecraft:observer":9,"minecraft:cobbled_deepslate":29,"minecraft:cherry_fence":75,"minecraft:cherry_log":155,"minecraft:iron_leggings":1,"minecraft:wheat_seeds":997,"minecraft:cooked_mutton":5,"minecraft:water_bucket":447,"minecraft:lead":1,"minecraft:glass_bottle":10,"minecraft:cherry_planks":463,"minecraft:spruce_sign":38,"minecraft:fletching_table":1,"minecraft:oak_slab":35,"minecraft:crafting_table":11,"minecraft:white_bed":13,"minecraft:book":4,"minecraft:spruce_log":158,"minecraft:oak_log":61,"minecraft:mud":9,"minecraft:piston":19,"minecraft:wooden_hoe":4,"minecraft:diamond_pickaxe":1894,"minecraft:apple":2,"minecraft:cherry_door":7,"minecraft:chicken":1,"minecraft:iron_pickaxe":541,"minecraft:cherry_chest_boat":2,"minecraft:spruce_sapling":24,"minecraft:stone_axe":17,"minecraft:cobblestone":1413,"minecraft:potion":10,"minecraft:porkchop":16,"minecraft:cooked_porkchop":21,"minecraft:bucket":448,"minecraft:glass_pane":30,"minecraft:kelp":386,"minecraft:smooth_stone":123},"minecraft:killed":{"minecraft:zombified_piglin":3,"minecraft:spider":6,"minecraft:shulker":4,"minecraft:skeleton":24,"minecraft:chicken":15,"minecraft:wolf":2,"minecraft:pig":18,"minecraft:zombie_villager":1,"minecraft:iron_golem":1,"minecraft:sheep":32,"minecraft:trader_llama":4,"minecraft:zombie":19,"minecraft:cow":57,"minecraft:slime":4,"minecraft:drowned":1,"minecraft:wandering_trader":1,"minecraft:enderman":6},"minecraft:dropped":{"minecraft:iron_sword":2,"minecraft:birch_planks":24,"minecraft:oak_pressure_plate":2,"minecraft:cooked_beef":49,"minecraft:leather":6,"minecraft:birch_slab":16,"minecraft:dirt":13,"minecraft:cornflower":2,"minecraft:gold_nugget":1,"minecraft:iron_pickaxe":1,"minecraft:gravel":7,"minecraft:stone_axe":1,"minecraft:cooked_chicken":6,"minecraft:iron_nugget":2,"minecraft:obsidian":2,"minecraft:rotten_flesh":6,"minecraft:oak_planks":1,"minecraft:cooked_mutton":1,"minecraft:azure_bluet":1,"minecraft:quartz":11,"minecraft:iron_ingot":34,"minecraft:oak_slab":2,"minecraft:wheat_seeds":10,"minecraft:poisonous_potato":1,"minecraft:book":4,"minecraft:stick":1,"minecraft:oxeye_daisy":2,"minecraft:wooden_hoe":1,"minecraft:paper":13,"minecraft:iron_shovel":1,"minecraft:spruce_sapling":17,"minecraft:dandelion":4,"minecraft:filled_map":1,"minecraft:bamboo_raft":1,"minecraft:stone_pickaxe":1},"minecraft:crafted":{"minecraft:smooth_stone":100,"minecraft:oak_planks":436,"minecraft:barrel":3,"minecraft:chain":2,"minecraft:birch_slab":6,"minecraft:oak_hanging_sign":6,"minecraft:cherry_boat":1,"minecraft:stone":145,"minecraft:lever":1,"minecraft:bookshelf":15,"minecraft:heavy_weighted_pressure_plate":2,"minecraft:shulker_box":1,"minecraft:cooked_mutton":11,"minecraft:bamboo_block":5,"minecraft:glass":18,"minecraft:hopper":14,"minecraft:iron_boots":1,"minecraft:chest":84,"minecraft:iron_door":3,"minecraft:oak_fence":63,"minecraft:cherry_fence":75,"minecraft:bamboo_raft":1,"minecraft:glass_bottle":3,"minecraft:oak_slab":36,"minecraft:emerald":50,"minecraft:crafting_table":5,"minecraft:spruce_planks":692,"minecraft:iron_helmet":2,"minecraft:fletching_table":1,"minecraft:birch_planks":224,"minecraft:cherry_chest_boat":1,"minecraft:bamboo_planks":10,"minecraft:iron_chestplate":1,"minecraft:book":46,"minecraft:wooden_hoe":1,"minecraft:paper":183,"minecraft:diamond_pickaxe":1,"minecraft:cherry_sign":6,"minecraft:shield":1,"minecraft:stick":1799,"minecraft:iron_ingot":123,"minecraft:iron_pickaxe":6,"minecraft:iron_block":3,"minecraft:gold_ingot":27,"minecraft:shears":6,"minecraft:cherry_planks":744,"minecraft:oak_door":3,"minecraft:iron_nugget":9,"minecraft:furnace":2,"minecraft:piston":10,"minecraft:bone_meal":15,"minecraft:spruce_fence":12,"minecraft:glass_pane":32,"minecraft:flint_and_steel":2,"minecraft:cherry_trapdoor":2,"minecraft:spruce_stairs":16,"minecraft:iron_axe":7,"minecraft:ladder":33,"minecraft:iron_hoe":1,"minecraft:stone_pickaxe":2,"minecraft:spruce_boat":1,"minecraft:observer":18,"minecraft:wheat":198,"minecraft:spruce_sign":30,"minecraft:enchanting_table":1,"minecraft:iron_sword":3,"minecraft:bucket":1,"minecraft:stone_axe":1,"minecraft:bread":105,"minecraft:air":0,"minecraft:oak_fence_gate":7,"minecraft:oak_boat":9,"minecraft:iron_shovel":9,"minecraft:cherry_door":6,"minecraft:iron_leggings":1,"minecraft:anvil":1,"minecraft:white_bed":20,"minecraft:torch":32},"minecraft:mined":{"minecraft:white_bed":4,"minecraft:spruce_planks":9,"minecraft:farmland":2,"minecraft:cherry_log":331,"minecraft:obsidian":3,"minecraft:granite":19,"minecraft:cherry_trapdoor":1,"minecraft:grass_block":1139,"minecraft:soul_soil":19,"minecraft:frosted_ice":1,"minecraft:hopper":7,"minecraft:oxeye_daisy":1,"minecraft:smooth_stone":2,"minecraft:tall_seagrass":5,"minecraft:magma_block":25,"minecraft:fire":29,"minecraft:iron_ore":106,"minecraft:barrel":2,"minecraft:cobbled_deepslate":4,"minecraft:deepslate_lapis_ore":7,"minecraft:anvil":1,"minecraft:oak_wall_hanging_sign":3,"minecraft:dirt_path":37,"minecraft:piston_head":2,"minecraft:deepslate_redstone_ore":3,"minecraft:blackstone":30,"minecraft:kelp_plant":50,"minecraft:soul_fire":10,"minecraft:torch":7,"minecraft:chest":51,"minecraft:spruce_wall_sign":10,"minecraft:nether_quartz_ore":37,"minecraft:glass":8,"minecraft:cobblestone":106,"minecraft:sugar_cane":252,"minecraft:oak_planks":19,"minecraft:wall_torch":14,"minecraft:spruce_sign":3,"minecraft:seagrass":4,"minecraft:cherry_fence":1,"minecraft:warped_nylium":1,"minecraft:mud":9,"minecraft:wheat":762,"minecraft:birch_log":56,"minecraft:cherry_door":4,"minecraft:grass":181,"minecraft:oak_log":200,"minecraft:oak_fence_gate":3,"minecraft:sand":193,"minecraft:dirt":486,"minecraft:netherrack":701,"minecraft:piston":8,"minecraft:oak_leaves":93,"minecraft:deepslate":160,"minecraft:nether_gold_ore":1,"minecraft:tuff":21,"minecraft:deepslate_diamond_ore":14,"minecraft:oak_door":1,"minecraft:stripped_cherry_log":14,"minecraft:cherry_sapling":2,"minecraft:shulker_box":2,"minecraft:lever":9,"minecraft:ladder":1,"minecraft:spruce_leaves":4,"minecraft:kelp":154,"minecraft:sandstone":6,"minecraft:oak_trapdoor":2,"minecraft:furnace":7,"minecraft:carrots":27,"minecraft:andesite":31,"minecraft:stripped_spruce_log":3,"minecraft:gold_block":3,"minecraft:potatoes":20,"minecraft:cobblestone_slab":7,"minecraft:deepslate_iron_ore":48,"minecraft:stripped_oak_log":8,"minecraft:chorus_plant":3,"minecraft:bamboo_sapling":1,"minecraft:bamboo":242,"minecraft:stone":915,"minecraft:oak_slab":5,"minecraft:cherry_planks":30,"minecraft:soul_sand":185,"minecraft:basalt":102,"minecraft:dandelion":2,"minecraft:oak_fence":14,"minecraft:crafting_table":7,"minecraft:cornflower":1,"minecraft:copper_ore":1,"minecraft:tall_grass":9,"minecraft:deepslate_gold_ore":8,"minecraft:lapis_ore":9,"minecraft:diorite":7,"minecraft:spruce_stairs":7,"minecraft:spruce_log":386,"minecraft:birch_leaves":17,"minecraft:coal_ore":108,"minecraft:cherry_leaves":1056,"minecraft:gravel":62,"minecraft:gold_ore":4},"minecraft:picked_up":{"minecraft:shulker_shell":3,"minecraft:iron_chestplate":1,"minecraft:wheat":702,"minecraft:anvil":1,"minecraft:lead":9,"minecraft:soul_soil":18,"minecraft:string":4,"minecraft:raw_copper":88,"minecraft:oak_hanging_sign":3,"minecraft:iron_leggings":1,"minecraft:cherry_boat":8,"minecraft:smooth_stone":3,"minecraft:gold_nugget":5,"minecraft:cobbled_deepslate":160,"minecraft:spruce_planks":9,"minecraft:cobblestone_slab":5,"minecraft:iron_pickaxe":1,"minecraft:furnace":7,"minecraft:stick":168,"minecraft:oak_fence":14,"minecraft:torch":26,"minecraft:spruce_stairs":7,"minecraft:porkchop":37,"minecraft:cherry_log":332,"minecraft:diorite":135,"minecraft:rotten_flesh":28,"minecraft:obsidian":5,"minecraft:cobblestone":1501,"minecraft:birch_log":56,"minecraft:magma_block":23,"minecraft:feather":19,"minecraft:cooked_beef":52,"minecraft:cherry_planks":30,"minecraft:cherry_leaves":885,"minecraft:birch_slab":12,"minecraft:andesite":33,"minecraft:brown_wool":1,"minecraft:potato":71,"minecraft:flint":9,"minecraft:tuff":21,"minecraft:cherry_fence":1,"minecraft:lapis_lazuli":107,"minecraft:cherry_door":4,"minecraft:dirt":1765,"minecraft:leather_boots":1,"minecraft:glass":5,"minecraft:bone":24,"minecraft:bow":2,"minecraft:wheat_seeds":2088,"minecraft:cherry_chest_boat":1,"minecraft:raw_gold":12,"minecraft:bamboo":2428,"minecraft:oak_planks":72,"minecraft:bamboo_raft":33,"minecraft:oak_pressure_plate":2,"minecraft:poisonous_potato":1,"minecraft:sand":193,"minecraft:stripped_spruce_log":3,"minecraft:shulker_box":2,"minecraft:barrel":3,"minecraft:diamond":13,"minecraft:spruce_boat":2,"minecraft:lever":9,"minecraft:granite":20,"minecraft:spruce_sign":21,"minecraft:bread":12,"minecraft:oak_sapling":99,"minecraft:netherrack":673,"minecraft:chorus_fruit":36,"minecraft:diamond_pickaxe":1,"minecraft:mud":9,"minecraft:crafting_table":7,"minecraft:azure_bluet":3,"minecraft:chicken":17,"minecraft:ladder":1,"minecraft:gold_block":3,"minecraft:stripped_cherry_log":14,"minecraft:shield":1,"minecraft:cornflower":2,"minecraft:oak_trapdoor":2,"minecraft:iron_shovel":2,"minecraft:blackstone":30,"minecraft:glass_pane":2,"minecraft:beef":108,"minecraft:oak_boat":6,"minecraft:iron_nugget":1,"minecraft:chest":51,"minecraft:sugar_cane":420,"minecraft:birch_sapling":21,"minecraft:piston":10,"minecraft:cherry_trapdoor":1,"minecraft:egg":12,"minecraft:raw_iron":447,"minecraft:sandstone":6,"minecraft:stone":46,"minecraft:oak_door":1,"minecraft:carrot":107,"minecraft:redstone":14,"minecraft:arrow":18,"minecraft:shears":1,"minecraft:mutton":52,"minecraft:rail":1,"minecraft:white_wool":95,"minecraft:oxeye_daisy":2,"minecraft:stripped_oak_log":8,"minecraft:basalt":102,"minecraft:leather":76,"minecraft:filled_map":1,"minecraft:birch_planks":21,"minecraft:oak_log":200,"minecraft:golden_boots":1,"minecraft:cooked_mutton":1,"minecraft:apple":4,"minecraft:kelp":736,"minecraft:oak_fence_gate":3,"minecraft:iron_ingot":6,"minecraft:stone_pickaxe":1,"minecraft:soul_sand":185,"minecraft:iron_sword":3,"minecraft:oak_slab":6,"minecraft:quartz":47,"minecraft:dandelion":4,"minecraft:gravel":67,"minecraft:spruce_sapling":104,"minecraft:white_bed":4,"minecraft:spruce_log":384,"minecraft:spider_eye":2,"minecraft:slime_ball":3,"minecraft:stone_axe":1,"minecraft:iron_helmet":1,"minecraft:cherry_sapling":101,"minecraft:gray_wool":1,"minecraft:black_wool":2,"minecraft:coal":200,"minecraft:hopper":7,"minecraft:ender_pearl":2},"minecraft:broken":{"minecraft:iron_shovel":6,"minecraft:shears":3,"minecraft:iron_sword":2,"minecraft:shield":1,"minecraft:iron_axe":6,"minecraft:iron_pickaxe":1,"minecraft:iron_helmet":1}},"DataVersion":3465}