{"stats":{"minecraft:custom":{"minecraft:time_since_rest":33959,"minecraft:sprint_one_cm":166867,"minecraft:damage_taken":2756,"minecraft:walk_one_cm":90432,"minecraft:mob_kills":12,"minecraft:damage_dealt":1746,"minecraft:swim_one_cm":17870,"minecraft:interact_with_crafting_table":1,"minecraft:fly_one_cm":415650,"minecraft:open_chest":11,"minecraft:crouch_one_cm":32,"minecraft:play_time":115379,"minecraft:deaths":10,"minecraft:sneak_time":131,"minecraft:walk_under_water_one_cm":1744,"minecraft:jump":2036,"minecraft:leave_game":11,"minecraft:walk_on_water_one_cm":9959,"minecraft:time_since_death":33939,"minecraft:total_world_time":115379,"minecraft:fall_one_cm":63655},"minecraft:killed_by":{"minecraft:skeleton":3,"minecraft:zombie":4,"minecraft:pillager":1},"minecraft:used":{"minecraft:moss_block":1,"minecraft:wooden_axe":33,"minecraft:apple":1,"minecraft:chicken":3,"minecraft:dirt":4,"minecraft:sand":1,"minecraft:mutton":5,"minecraft:crafting_table":1,"minecraft:porkchop":2,"minecraft:egg":3},"minecraft:killed":{"minecraft:sheep":5,"minecraft:skeleton":1,"minecraft:zombie":2,"minecraft:pig":1,"minecraft:chicken":3},"minecraft:mined":{"minecraft:dandelion":2,"minecraft:powder_snow":3,"minecraft:grass":249,"minecraft:grass_block":6,"minecraft:oak_log":6,"minecraft:sand":1,"minecraft:dirt":2,"minecraft:tall_grass":75,"minecraft:sugar_cane":1,"minecraft:moss_block":1,"minecraft:oxeye_daisy":1},"minecraft:crafted":{"minecraft:oak_planks":24,"minecraft:crafting_table":1,"minecraft:stick":4,"minecraft:wooden_pickaxe":1,"minecraft:wooden_axe":1},"minecraft:picked_up":{"minecraft:wooden_axe":2,"minecraft:wheat":2,"minecraft:feather":1,"minecraft:chicken":3,"minecraft:dandelion":2,"minecraft:wooden_pickaxe":2,"minecraft:porkchop":2,"minecraft:sand":1,"minecraft:oak_log":12,"minecraft:dirt":8,"minecraft:arrow":1,"minecraft:bone":2,"minecraft:wheat_seeds":32,"minecraft:gray_wool":3,"minecraft:sugar_cane":3,"minecraft:moss_block":1,"minecraft:mutton":9,"minecraft:white_wool":8,"minecraft:oxeye_daisy":1,"minecraft:egg":3}},"DataVersion":3465}