{"stats":{"minecraft:used":{"minecraft:diorite":2,"minecraft:stone_sword":84,"minecraft:stone_pickaxe":1063,"minecraft:oak_planks":3,"minecraft:wooden_pickaxe":31,"minecraft:stone":4,"minecraft:oak_door":4,"minecraft:dirt":3,"minecraft:crafting_table":3,"minecraft:painting":15,"minecraft:chicken":1,"minecraft:cobblestone":74,"minecraft:beef":3,"minecraft:oak_sapling":1},"minecraft:crafted":{"minecraft:oak_door":3,"minecraft:oak_planks":136,"minecraft:crafting_table":3,"minecraft:wooden_pickaxe":1,"minecraft:stone":8,"minecraft:air":0,"minecraft:stick":88,"minecraft:stone_pickaxe":22,"minecraft:stone_sword":1},"minecraft:picked_up":{"minecraft:feather":1,"minecraft:chicken":1,"minecraft:andesite":14,"minecraft:leather":13,"minecraft:wooden_pickaxe":2,"minecraft:oak_log":34,"minecraft:dirt":4,"minecraft:raw_copper":4,"minecraft:wheat_seeds":11,"minecraft:cobbled_deepslate":1,"minecraft:stone_pickaxe":2,"minecraft:beef":3,"minecraft:oak_planks":221,"minecraft:stick":2,"minecraft:raw_iron":358,"minecraft:stone":8,"minecraft:oak_door":1,"minecraft:torch":9,"minecraft:gravel":1,"minecraft:diorite":96,"minecraft:mossy_cobblestone":3,"minecraft:stone_sword":3,"minecraft:painting":15,"minecraft:oak_sapling":1,"minecraft:cobblestone":716},"minecraft:broken":{"minecraft:stone_pickaxe":8},"minecraft:mined":{"minecraft:glass_pane":1,"minecraft:mossy_cobblestone":1,"minecraft:oak_door":1,"minecraft:crafting_table":2,"minecraft:granite":15,"minecraft:grass_block":2,"minecraft:copper_ore":1,"minecraft:tall_grass":8,"minecraft:cobblestone":21,"minecraft:oak_planks":3,"minecraft:diorite":99,"minecraft:wall_torch":1,"minecraft:iron_ore":280,"minecraft:andesite":12,"minecraft:grass":52,"minecraft:oak_log":36,"minecraft:coal_ore":16,"minecraft:deepslate_iron_ore":15,"minecraft:gravel":1,"minecraft:dirt":4,"minecraft:stone":616,"minecraft:oak_leaves":1,"minecraft:deepslate":10},"minecraft:dropped":{"minecraft:wheat_seeds":9,"minecraft:stone_sword":1,"minecraft:raw_copper":4,"minecraft:mossy_cobblestone":1,"minecraft:feather":1,"minecraft:oak_planks":1,"minecraft:leather":7},"minecraft:killed":{"minecraft:spider":1,"minecraft:creeper":2,"minecraft:horse":4,"minecraft:skeleton":1,"minecraft:zombie":2,"minecraft:chicken":2,"minecraft:villager":7,"minecraft:cow":1},"minecraft:custom":{"minecraft:interact_with_furnace":5,"minecraft:mob_kills":20,"minecraft:interact_with_crafting_table":8,"minecraft:bell_ring":71,"minecraft:leave_game":8,"minecraft:time_since_death":33684,"minecraft:climb_one_cm":1040,"minecraft:time_since_rest":33728,"minecraft:sprint_one_cm":29578,"minecraft:damage_taken":550,"minecraft:walk_one_cm":51033,"minecraft:drop":22,"minecraft:damage_dealt":3345,"minecraft:swim_one_cm":2070,"minecraft:fly_one_cm":253350,"minecraft:open_chest":3,"minecraft:crouch_one_cm":1282,"minecraft:play_time":93580,"minecraft:deaths":2,"minecraft:sneak_time":1734,"minecraft:walk_under_water_one_cm":949,"minecraft:jump":1091,"minecraft:walk_on_water_one_cm":441,"minecraft:total_world_time":93580,"minecraft:fall_one_cm":8973},"minecraft:killed_by":{"minecraft:skeleton":2}},"DataVersion":3465}