{"stats":{"minecraft:used":{"minecraft:elytra":7,"minecraft:ladder":167,"minecraft:chest":47,"minecraft:soul_sand":8,"minecraft:stripped_spruce_log":4,"minecraft:spruce_boat":10,"minecraft:lava_bucket":37,"minecraft:dark_oak_slab":3,"minecraft:netherite_boots":1,"minecraft:bow":502,"minecraft:dark_oak_boat":12,"minecraft:sweet_berries":7,"minecraft:furnace":4,"minecraft:egg":7,"minecraft:diorite":33,"minecraft:golden_apple":1,"minecraft:dark_oak_trapdoor":23,"minecraft:sand":2,"minecraft:blast_furnace":4,"minecraft:pumpkin_seeds":23,"minecraft:lectern":2,"minecraft:diamond_sword":96,"minecraft:smithing_table":4,"minecraft:oak_boat":27,"minecraft:oak_hanging_sign":2,"minecraft:diorite_slab":4,"minecraft:oak_trapdoor":457,"minecraft:carved_pumpkin":18,"minecraft:netherrack":1474,"minecraft:torch":287,"minecraft:anvil":4,"minecraft:iron_axe":15,"minecraft:totem_of_undying":1,"minecraft:basalt":42,"minecraft:cobbled_deepslate":80,"minecraft:cherry_fence":1,"minecraft:observer":19,"minecraft:wheat_seeds":1943,"minecraft:water_bucket":575,"minecraft:cartography_table":2,"minecraft:cherry_planks":3,"minecraft:fletching_table":2,"minecraft:deepslate_bricks":1,"minecraft:oak_slab":38,"minecraft:crafting_table":21,"minecraft:red_bed":3,"minecraft:white_bed":49,"minecraft:dark_oak_fence_gate":8,"minecraft:oak_log":72,"minecraft:ender_eye":3,"minecraft:diamond_pickaxe":4182,"minecraft:cornflower":1,"minecraft:diamond_shovel":3715,"minecraft:iron_pickaxe":1156,"minecraft:spruce_sapling":98,"minecraft:cobblestone":2589,"minecraft:potion":1,"minecraft:cooked_porkchop":338,"minecraft:glass_pane":4,"minecraft:brush":3,"minecraft:stripped_oak_log":3,"minecraft:dandelion":1,"minecraft:cherry_sapling":14,"minecraft:iron_shovel":384,"minecraft:diamond_hoe":740,"minecraft:bone_block":6,"minecraft:oak_sign":14,"minecraft:shield":33,"minecraft:bell":6,"minecraft:carrot":13,"minecraft:tuff":167,"minecraft:milk_bucket":1,"minecraft:obsidian":10,"minecraft:glass":86,"minecraft:light_blue_bed":1,"minecraft:deepslate_diamond_ore":7,"minecraft:scaffolding":13,"minecraft:dark_oak_sign":5,"minecraft:stone_pickaxe":160,"minecraft:oak_planks":444,"minecraft:ender_pearl":5,"minecraft:diamond_axe":760,"minecraft:sugar_cane":104,"minecraft:netherite_leggings":1,"minecraft:end_stone":436,"minecraft:shears":18,"minecraft:cobbled_deepslate_stairs":4,"minecraft:black_concrete":29,"minecraft:firework_rocket":267,"minecraft:heavy_weighted_pressure_plate":1,"minecraft:bread":260,"minecraft:iron_door":2,"minecraft:gravel":332,"minecraft:grindstone":1,"minecraft:andesite":1,"minecraft:bone_meal":523,"minecraft:cherry_boat":6,"minecraft:trident":41,"minecraft:netherite_sword":3981,"minecraft:flint_and_steel":1,"minecraft:redstone":19,"minecraft:spruce_planks":11,"minecraft:ender_chest":1,"minecraft:oak_door":6,"minecraft:dirt":3675,"minecraft:white_carpet":54,"minecraft:hopper":33,"minecraft:spruce_fence":10,"minecraft:iron_hoe":16,"minecraft:oak_stairs":4,"minecraft:soul_soil":7,"minecraft:netherite_pickaxe":18478,"minecraft:cooked_beef":83,"minecraft:pumpkin":14,"minecraft:light_gray_bed":2,"minecraft:cooked_mutton":6,"minecraft:cobblestone_stairs":127,"minecraft:snow_block":36,"minecraft:glass_bottle":3,"minecraft:netherite_chestplate":7,"minecraft:baked_potato":59,"minecraft:spruce_sign":2,"minecraft:stonecutter":1,"minecraft:cobblestone_slab":798,"minecraft:smoker":6,"minecraft:book":1,"minecraft:piston":19,"minecraft:netherite_axe":2097,"minecraft:stone_slab":323,"minecraft:cherry_stairs":1,"minecraft:bucket":616},"minecraft:killed_by":{"minecraft:creeper":1,"minecraft:skeleton":1},"minecraft:custom":{"minecraft:interact_with_crafting_table":254,"minecraft:open_barrel":9,"minecraft:bell_ring":121,"minecraft:leave_game":272,"minecraft:time_since_death":479223,"minecraft:damage_blocked_by_shield":1520,"minecraft:play_time":4423439,"minecraft:deaths":9,"minecraft:jump":82394,"minecraft:enchant_item":44,"minecraft:interact_with_furnace":161,"minecraft:traded_with_villager":481,"minecraft:sleep_in_bed":140,"minecraft:damage_dealt":267638,"minecraft:interact_with_smoker":96,"minecraft:horse_one_cm":47132,"minecraft:interact_with_smithing_table":21,"minecraft:interact_with_anvil":42,"minecraft:inspect_hopper":41,"minecraft:sneak_time":269701,"minecraft:interact_with_blast_furnace":103,"minecraft:total_world_time":4423439,"minecraft:time_since_rest":29524,"minecraft:swim_one_cm":1288609,"minecraft:fly_one_cm":17716542,"minecraft:open_chest":2661,"minecraft:fall_one_cm":2382363,"minecraft:open_shulker_box":4,"minecraft:sprint_one_cm":9484774,"minecraft:drop":1876,"minecraft:talked_to_villager":530,"minecraft:interact_with_brewingstand":1,"minecraft:walk_on_water_one_cm":347357,"minecraft:open_enderchest":19,"minecraft:crouch_one_cm":955257,"minecraft:mob_kills":2716,"minecraft:climb_one_cm":516094,"minecraft:walk_one_cm":5615112,"minecraft:raid_win":18,"minecraft:walk_under_water_one_cm":496373,"minecraft:boat_one_cm":2274286,"minecraft:raid_trigger":11,"minecraft:interact_with_grindstone":32,"minecraft:damage_taken":30885,"minecraft:aviate_one_cm":10640376},"minecraft:picked_up":{"minecraft:iron_chestplate":2,"minecraft:stone_slab":325,"minecraft:smithing_table":3,"minecraft:lead":1,"minecraft:diamond_sword":2,"minecraft:enchanted_book":4,"minecraft:brewing_stand":1,"minecraft:string":36,"minecraft:dark_oak_trapdoor":12,"minecraft:soul_soil":107,"minecraft:cherry_boat":14,"minecraft:cobbled_deepslate":1740,"minecraft:diamond_leggings":3,"minecraft:gold_nugget":304,"minecraft:spruce_planks":82,"minecraft:netherite_upgrade_smithing_template":1,"minecraft:enchanted_golden_apple":2,"minecraft:polished_blackstone_brick_slab":2,"minecraft:composter":1,"minecraft:cherry_log":151,"minecraft:light_gray_bed":1,"minecraft:carved_pumpkin":18,"minecraft:end_rod":3,"minecraft:netherite_chestplate":3,"minecraft:blaze_rod":37,"minecraft:snowball":431,"minecraft:birch_log":64,"minecraft:dune_armor_trim_smithing_template":2,"minecraft:magma_block":20,"minecraft:feather":75,"minecraft:cooked_beef":263,"minecraft:iron_door":2,"minecraft:cherry_leaves":59,"minecraft:water_bucket":7,"minecraft:brown_wool":1,"minecraft:dark_oak_boat":9,"minecraft:smoker":4,"minecraft:flint":41,"minecraft:cherry_fence":1,"minecraft:netherite_leggings":3,"minecraft:disc_fragment_5":3,"minecraft:dark_oak_sign":4,"minecraft:diamond_helmet":1,"minecraft:glowstone_dust":10,"minecraft:moss_block":1,"minecraft:stripped_spruce_log":6,"minecraft:iron_hoe":1,"minecraft:blue_terracotta":1,"minecraft:granite":203,"minecraft:bread":170,"minecraft:crimson_roots":1,"minecraft:diamond_pickaxe":4,"minecraft:crafting_table":26,"minecraft:clay_ball":4,"minecraft:stripped_cherry_log":1,"minecraft:purpur_block":2,"minecraft:heavy_weighted_pressure_plate":1,"minecraft:cornflower":10,"minecraft:red_bed":3,"minecraft:elytra":1,"minecraft:flint_and_steel":1,"minecraft:netherite_scrap":3,"minecraft:white_carpet":8,"minecraft:iron_shovel":6,"minecraft:glass_pane":15,"minecraft:cracked_stone_bricks":1,"minecraft:cartography_table":1,"minecraft:netherite_sword":3,"minecraft:beef":110,"minecraft:poppy":9,"minecraft:chest":12,"minecraft:diamond_hoe":2,"minecraft:egg":75,"minecraft:sandstone":6,"minecraft:stone":345,"minecraft:oak_door":4,"minecraft:spruce_fence":12,"minecraft:carrot":50,"minecraft:redstone":22,"minecraft:netherite_pickaxe":3,"minecraft:tnt":18,"minecraft:diamond_chestplate":1,"minecraft:diamond_boots":1,"minecraft:shears":1,"minecraft:deepslate_bricks":1,"minecraft:hay_block":82,"minecraft:gold_ingot":17,"minecraft:totem_of_undying":21,"minecraft:glow_berries":9,"minecraft:mutton":45,"minecraft:bone_block":121,"minecraft:rail":1,"minecraft:white_wool":162,"minecraft:oxeye_daisy":14,"minecraft:stripped_oak_log":3,"minecraft:oak_log":597,"minecraft:ancient_debris":77,"minecraft:golden_boots":5,"minecraft:paper":2,"minecraft:white_banner":104,"minecraft:apple":6,"minecraft:stone_bricks":2,"minecraft:stone_pickaxe":1,"minecraft:glass_bottle":2,"minecraft:iron_sword":2,"minecraft:milk_bucket":1,"minecraft:dark_oak_slab":5,"minecraft:gravel":388,"minecraft:spruce_sapling":105,"minecraft:spruce_log":1608,"minecraft:dragon_egg":1,"minecraft:slime_ball":6,"minecraft:diamond_axe":3,"minecraft:baked_potato":26,"minecraft:ender_pearl":13,"minecraft:shulker_shell":12,"minecraft:wheat":1257,"minecraft:potion":2,"minecraft:turtle_egg":1,"minecraft:raw_copper":53,"minecraft:oak_hanging_sign":2,"minecraft:iron_leggings":2,"minecraft:netherite_ingot":2,"minecraft:oak_sign":5,"minecraft:cobblestone_slab":33,"minecraft:ender_eye":1,"minecraft:iron_pickaxe":5,"minecraft:furnace":7,"minecraft:stick":118,"minecraft:oak_fence":2,"minecraft:torch":72,"minecraft:spruce_stairs":8,"minecraft:porkchop":89,"minecraft:diorite":277,"minecraft:cactus":1,"minecraft:rotten_flesh":48,"minecraft:obsidian":26,"minecraft:cobblestone":5989,"minecraft:pink_petals":4,"minecraft:magma_cream":3,"minecraft:cherry_planks":11,"minecraft:andesite":174,"minecraft:potato":19,"minecraft:tuff":443,"minecraft:dirt":4261,"minecraft:lapis_lazuli":141,"minecraft:name_tag":1,"minecraft:glass":19,"minecraft:bone":74,"minecraft:bow":8,"minecraft:wheat_seeds":4270,"minecraft:cobbled_deepslate_slab":2,"minecraft:raw_gold":35,"minecraft:bell":6,"minecraft:grindstone":1,"minecraft:netherite_axe":3,"minecraft:fletching_table":1,"minecraft:bamboo":30,"minecraft:oak_planks":252,"minecraft:ghast_tear":1,"minecraft:cooked_porkchop":618,"minecraft:polished_blackstone_slab":1,"minecraft:poisonous_potato":2,"minecraft:oak_pressure_plate":2,"minecraft:sand":116,"minecraft:grass_block":85,"minecraft:sugar":1,"minecraft:black_concrete":29,"minecraft:diamond":251,"minecraft:spruce_boat":10,"minecraft:netherite_helmet":3,"minecraft:crossbow":94,"minecraft:golden_apple":66,"minecraft:emerald":283,"minecraft:oak_sapling":11,"minecraft:netherrack":10123,"minecraft:chorus_fruit":50,"minecraft:end_stone_bricks":16,"minecraft:chicken":66,"minecraft:azure_bluet":9,"minecraft:ladder":35,"minecraft:brown_mushroom":3,"minecraft:diorite_slab":2,"minecraft:gold_block":4,"minecraft:shield":7,"minecraft:oak_trapdoor":39,"minecraft:moss_carpet":2,"minecraft:iron_axe":3,"minecraft:blackstone":42,"minecraft:echo_shard":6,"minecraft:oak_boat":39,"minecraft:light_gray_wool":9,"minecraft:lectern":1,"minecraft:sugar_cane":796,"minecraft:cherry_trapdoor":5,"minecraft:raw_iron":164,"minecraft:end_stone":483,"minecraft:cherry_stairs":1,"minecraft:trident":1,"minecraft:stone_pressure_plate":3,"minecraft:dark_oak_planks":25,"minecraft:arrow":392,"minecraft:golden_hoe":1,"minecraft:nether_bricks":104,"minecraft:saddle":6,"minecraft:wet_sponge":5,"minecraft:netherite_boots":3,"minecraft:basalt":230,"minecraft:glow_ink_sac":2,"minecraft:leather":126,"minecraft:cut_sandstone":11,"minecraft:birch_planks":17,"minecraft:cobbled_deepslate_stairs":5,"minecraft:gunpowder":84,"minecraft:cobblestone_stairs":26,"minecraft:cooked_mutton":260,"minecraft:iron_ingot":85,"minecraft:cooked_chicken":55,"minecraft:soul_sand":149,"minecraft:book":9,"minecraft:oak_slab":14,"minecraft:scaffolding":13,"minecraft:pumpkin":17,"minecraft:quartz":2396,"minecraft:dandelion":68,"minecraft:lava_bucket":2,"minecraft:white_bed":22,"minecraft:spider_eye":11,"minecraft:pumpkin_seeds":107,"minecraft:iron_helmet":1,"minecraft:cherry_sapling":74,"minecraft:black_wool":1,"minecraft:coal":228,"minecraft:sunflower":1},"minecraft:killed":{"minecraft:shulker":28,"minecraft:skeleton":55,"minecraft:chicken":74,"minecraft:cat":1,"minecraft:magma_cube":39,"minecraft:pillager":1029,"minecraft:donkey":1,"minecraft:zombie":58,"minecraft:cow":103,"minecraft:evoker":14,"minecraft:vindicator":129,"minecraft:horse":3,"minecraft:frog":2,"minecraft:wandering_trader":1,"minecraft:ravager":21,"minecraft:enderman":25,"minecraft:zombified_piglin":248,"minecraft:witch":52,"minecraft:spider":39,"minecraft:wolf":5,"minecraft:piglin":1,"minecraft:pig":252,"minecraft:zombie_villager":4,"minecraft:creeper":19,"minecraft:sheep":88,"minecraft:trader_llama":4,"minecraft:ghast":4,"minecraft:blaze":72,"minecraft:vex":17,"minecraft:slime":9,"minecraft:drowned":3,"minecraft:wither_skeleton":6},"minecraft:mined":{"minecraft:white_bed":20,"minecraft:cherry_log":151,"minecraft:carved_pumpkin":18,"minecraft:obsidian":19,"minecraft:granite":142,"minecraft:light_gray_bed":1,"minecraft:deepslate_bricks":1,"minecraft:hopper":1,"minecraft:oak_wall_sign":4,"minecraft:oxeye_daisy":13,"minecraft:spawner":1,"minecraft:tall_seagrass":2,"minecraft:magma_block":13,"minecraft:dark_oak_trapdoor":12,"minecraft:fire":43,"minecraft:cobbled_deepslate":8,"minecraft:pumpkin":17,"minecraft:fletching_table":1,"minecraft:deepslate_lapis_ore":8,"minecraft:sculk_shrieker":6,"minecraft:oak_wall_hanging_sign":1,"minecraft:oak_sign":1,"minecraft:cut_sandstone":7,"minecraft:red_bed":2,"minecraft:smoker":4,"minecraft:soul_fire":16,"minecraft:powder_snow":14,"minecraft:torch":22,"minecraft:dead_bush":1,"minecraft:glass":6,"minecraft:sugar_cane":392,"minecraft:wheat":1332,"minecraft:pumpkin_stem":23,"minecraft:grass":980,"minecraft:deepslate":1497,"minecraft:cherry_sapling":5,"minecraft:end_stone":486,"minecraft:nether_bricks":81,"minecraft:cobbled_deepslate_slab":2,"minecraft:spruce_fence":10,"minecraft:crimson_roots":2,"minecraft:moss_block":1,"minecraft:cartography_table":1,"minecraft:snow":4,"minecraft:andesite":76,"minecraft:potatoes":5,"minecraft:cobblestone_slab":29,"minecraft:rail":1,"minecraft:bone_block":123,"minecraft:white_wool":1,"minecraft:ender_chest":1,"minecraft:smithing_table":3,"minecraft:oak_slab":14,"minecraft:cherry_planks":10,"minecraft:soul_sand":145,"minecraft:dandelion":58,"minecraft:cornflower":10,"minecraft:emerald_ore":1,"minecraft:tall_grass":169,"minecraft:copper_ore":13,"minecraft:deepslate_gold_ore":6,"minecraft:diorite":193,"minecraft:dark_oak_wall_sign":1,"minecraft:white_carpet":1,"minecraft:spruce_log":1612,"minecraft:birch_leaves":1,"minecraft:dark_oak_sign":4,"minecraft:sunflower":2,"minecraft:gravel":412,"minecraft:stone_bricks":3,"minecraft:gold_ore":27,"minecraft:fern":1,"minecraft:spruce_planks":13,"minecraft:farmland":5,"minecraft:cobbled_deepslate_stairs":5,"minecraft:cobblestone_stairs":21,"minecraft:sculk_vein":7,"minecraft:cherry_trapdoor":4,"minecraft:grass_block":1871,"minecraft:soul_soil":91,"minecraft:polished_blackstone_brick_slab":2,"minecraft:composter":1,"minecraft:sculk_catalyst":1,"minecraft:azure_bluet":9,"minecraft:end_stone_bricks":14,"minecraft:deepslate_redstone_ore":4,"minecraft:blackstone":33,"minecraft:purpur_stairs":2,"minecraft:clay":1,"minecraft:poppy":9,"minecraft:chest":13,"minecraft:nether_quartz_ore":3286,"minecraft:cobblestone":1006,"minecraft:grindstone":1,"minecraft:oak_planks":163,"minecraft:iron_door":2,"minecraft:wall_torch":10,"minecraft:pink_petals":3,"minecraft:seagrass":1,"minecraft:blue_terracotta":2,"minecraft:birch_log":64,"minecraft:purpur_block":2,"minecraft:tnt":10,"minecraft:oak_log":597,"minecraft:sand":90,"minecraft:dirt":1596,"minecraft:netherrack":12153,"minecraft:ancient_debris":74,"minecraft:oak_leaves":63,"minecraft:nether_gold_ore":56,"minecraft:diamond_ore":3,"minecraft:tuff":379,"minecraft:deepslate_diamond_ore":176,"minecraft:oak_door":3,"minecraft:stripped_cherry_log":1,"minecraft:ladder":15,"minecraft:spruce_leaves":117,"minecraft:sandstone":3,"minecraft:diorite_slab":2,"minecraft:oak_trapdoor":55,"minecraft:furnace":3,"minecraft:spruce_sapling":4,"minecraft:heavy_weighted_pressure_plate":1,"minecraft:carrots":13,"minecraft:stripped_spruce_log":3,"minecraft:black_concrete":29,"minecraft:gold_block":1,"minecraft:bell":5,"minecraft:deepslate_iron_ore":91,"minecraft:stripped_oak_log":3,"minecraft:chorus_plant":2,"minecraft:stone":3487,"minecraft:oak_hanging_sign":1,"minecraft:cherry_stairs":1,"minecraft:podzol":5,"minecraft:scaffolding":3,"minecraft:snow_block":110,"minecraft:basalt":170,"minecraft:crafting_table":22,"minecraft:oak_fence":1,"minecraft:sculk_sensor":5,"minecraft:lectern":1,"minecraft:stone_slab":3,"minecraft:lapis_ore":2,"minecraft:sculk":25,"minecraft:polished_blackstone_slab":1,"minecraft:sweet_berry_bush":1,"minecraft:coal_ore":141,"minecraft:cherry_leaves":93,"minecraft:end_rod":3,"minecraft:cracked_stone_bricks":1},"minecraft:crafted":{"minecraft:ender_chest":1,"minecraft:smooth_stone":15,"minecraft:oak_sign":12,"minecraft:blaze_powder":4,"minecraft:diamond_shovel":3,"minecraft:bookshelf":1,"minecraft:cooked_mutton":65,"minecraft:shulker_box":6,"minecraft:glass":83,"minecraft:diamond_helmet":1,"minecraft:diamond_leggings":2,"minecraft:netherite_boots":2,"minecraft:glass_bottle":3,"minecraft:emerald":419,"minecraft:cooked_porkchop":79,"minecraft:diamond_axe":2,"minecraft:smithing_table":2,"minecraft:fletching_table":1,"minecraft:cartography_table":1,"minecraft:light_gray_bed":1,"minecraft:lectern":1,"minecraft:iron_pickaxe":7,"minecraft:iron_block":12,"minecraft:light_blue_bed":1,"minecraft:gold_ingot":121,"minecraft:light_gray_dye":2,"minecraft:netherite_ingot":17,"minecraft:smooth_stone_slab":6,"minecraft:diamond_hoe":2,"minecraft:bone_meal":537,"minecraft:white_carpet":48,"minecraft:cherry_trapdoor":2,"minecraft:netherite_axe":2,"minecraft:ladder":309,"minecraft:spruce_slab":384,"minecraft:diamond_boots":1,"minecraft:spruce_boat":2,"minecraft:dark_oak_planks":256,"minecraft:netherite_pickaxe":3,"minecraft:enchanted_book":33,"minecraft:flint":20,"minecraft:oak_stairs":4,"minecraft:iron_shovel":5,"minecraft:iron_leggings":1,"minecraft:armor_stand":5,"minecraft:white_bed":29,"minecraft:oak_planks":2388,"minecraft:cobblestone_slab":894,"minecraft:dark_oak_boat":4,"minecraft:cherry_boat":1,"minecraft:stone":77,"minecraft:cobblestone_stairs":124,"minecraft:hopper":29,"minecraft:bow":2,"minecraft:chest":70,"minecraft:netherite_helmet":2,"minecraft:oak_button":64,"minecraft:netherite_upgrade_smithing_template":32,"minecraft:ender_eye":4,"minecraft:stone_bricks":56,"minecraft:golden_boots":4,"minecraft:smoker":2,"minecraft:oak_slab":24,"minecraft:arrow":660,"minecraft:crafting_table":6,"minecraft:spruce_planks":6752,"minecraft:baked_potato":59,"minecraft:iron_helmet":1,"minecraft:birch_planks":256,"minecraft:pumpkin_seeds":12,"minecraft:dark_oak_slab":30,"minecraft:iron_chestplate":1,"minecraft:book":28,"minecraft:paper":330,"minecraft:diamond_pickaxe":7,"minecraft:yellow_dye":1,"minecraft:shield":2,"minecraft:stick":13948,"minecraft:light_blue_dye":2,"minecraft:iron_ingot":194,"minecraft:snow_block":36,"minecraft:dark_oak_fence_gate":8,"minecraft:shears":1,"minecraft:cherry_planks":160,"minecraft:oak_door":6,"minecraft:netherite_sword":2,"minecraft:furnace":8,"minecraft:blast_furnace":4,"minecraft:piston":18,"minecraft:dark_oak_trapdoor":12,"minecraft:dark_oak_sign":6,"minecraft:oak_trapdoor":490,"minecraft:flint_and_steel":2,"minecraft:netherite_chestplate":2,"minecraft:netherite_leggings":2,"minecraft:iron_axe":1,"minecraft:iron_hoe":1,"minecraft:netherite_scrap":74,"minecraft:observer":10,"minecraft:cooked_beef":93,"minecraft:sugar":1,"minecraft:diamond_sword":1,"minecraft:bucket":6,"minecraft:air":0,"minecraft:bread":497,"minecraft:blue_dye":1,"minecraft:oak_boat":2,"minecraft:white_dye":1,"minecraft:stonecutter":1,"minecraft:anvil":4,"minecraft:diorite_slab":30,"minecraft:torch":352,"minecraft:diamond_chestplate":1,"minecraft:firework_rocket":714},"minecraft:broken":{"minecraft:diamond_shovel":2,"minecraft:iron_pickaxe":1,"minecraft:iron_shovel":1},"minecraft:dropped":{"minecraft:iron_sword":1,"minecraft:porkchop":13,"minecraft:lapis_lazuli":18,"minecraft:oak_pressure_plate":2,"minecraft:cooked_beef":26,"minecraft:glow_ink_sac":2,"minecraft:chorus_fruit":50,"minecraft:glass_bottle":5,"minecraft:diamond":9,"minecraft:crafting_table":3,"minecraft:cooked_porkchop":142,"minecraft:dark_oak_slab":5,"minecraft:crossbow":100,"minecraft:glow_berries":9,"minecraft:cracked_stone_bricks":1,"minecraft:saddle":23,"minecraft:rail":1,"minecraft:emerald":7,"minecraft:gold_block":1,"minecraft:dirt":756,"minecraft:yellow_dye":1,"minecraft:cherry_leaves":59,"minecraft:gold_nugget":88,"minecraft:sunflower":1,"minecraft:sand":30,"minecraft:iron_pickaxe":4,"minecraft:sugar":6,"minecraft:polished_blackstone_slab":1,"minecraft:dark_oak_planks":25,"minecraft:white_wool":31,"minecraft:diorite_slab":28,"minecraft:bone":47,"minecraft:cherry_boat":5,"minecraft:cooked_chicken":16,"minecraft:cobbled_deepslate":1430,"minecraft:wheat":18,"minecraft:rotten_flesh":51,"minecraft:oak_planks":102,"minecraft:enchanted_golden_apple":1,"minecraft:glowstone_dust":17,"minecraft:end_stone":10,"minecraft:azure_bluet":8,"minecraft:ladder":158,"minecraft:end_stone_bricks":16,"minecraft:beef":17,"minecraft:egg":75,"minecraft:enchanted_book":2,"minecraft:golden_boots":1,"minecraft:iron_ingot":10,"minecraft:wheat_seeds":413,"minecraft:cobbled_deepslate_stairs":1,"minecraft:feather":17,"minecraft:oak_fence":2,"minecraft:book":3,"minecraft:cobblestone":3309,"minecraft:granite":199,"minecraft:coal":57,"minecraft:end_rod":3,"minecraft:turtle_egg":1,"minecraft:oxeye_daisy":13,"minecraft:white_banner":123,"minecraft:iron_shovel":3,"minecraft:paper":2,"minecraft:string":32,"minecraft:spruce_sapling":3,"minecraft:moss_carpet":2,"minecraft:soul_soil":91,"minecraft:chicken":65,"minecraft:white_carpet":2,"minecraft:clay_ball":4,"minecraft:stone_slab":2,"minecraft:cobbled_deepslate_slab":2,"minecraft:nether_bricks":104,"minecraft:spruce_fence":2,"minecraft:cobblestone_slab":3,"minecraft:stone":390,"minecraft:spruce_planks":2,"minecraft:diamond_pickaxe":1,"minecraft:stone_pressure_plate":3,"minecraft:stone_bricks":58,"minecraft:spider_eye":15,"minecraft:bamboo":17,"minecraft:light_gray_dye":2,"minecraft:sandstone":6,"minecraft:bow":1,"minecraft:red_tulip":1,"minecraft:magma_block":20,"minecraft:black_wool":1,"minecraft:brown_mushroom":3,"minecraft:soul_sand":140,"minecraft:moss_block":1,"minecraft:birch_planks":17,"minecraft:oak_log":3,"minecraft:ender_pearl":5,"minecraft:leather":103,"minecraft:cobblestone_stairs":13,"minecraft:flint":5,"minecraft:cherry_trapdoor":5,"minecraft:cornflower":8,"minecraft:mutton":4,"minecraft:crimson_roots":1,"minecraft:cut_sandstone":11,"minecraft:snowball":98,"minecraft:gold_ingot":4,"minecraft:armor_stand":5,"minecraft:gravel":36,"minecraft:purpur_block":2,"minecraft:blackstone":42,"minecraft:cherry_sapling":72,"minecraft:cooked_mutton":94,"minecraft:carrot":4,"minecraft:poppy":9,"minecraft:trident":1,"minecraft:gunpowder":55,"minecraft:chest":2,"minecraft:basalt":188,"minecraft:arrow":48,"minecraft:quartz":1077,"minecraft:netherrack":7640,"minecraft:firework_rocket":1,"minecraft:water_bucket":1,"minecraft:bread":288,"minecraft:oak_slab":7,"minecraft:cherry_log":1,"minecraft:poisonous_potato":2,"minecraft:lead":1,"minecraft:spruce_stairs":8,"minecraft:stick":121,"minecraft:cherry_sign":1,"minecraft:diorite":225,"minecraft:torch":141,"minecraft:brown_wool":1,"minecraft:iron_leggings":1,"minecraft:polished_blackstone_brick_slab":2,"minecraft:iron_axe":4,"minecraft:pink_petals":3,"minecraft:bucket":1,"minecraft:dandelion":66,"minecraft:redstone":21,"minecraft:oak_trapdoor":76,"minecraft:blaze_rod":11,"minecraft:raw_copper":51,"minecraft:tuff":382,"minecraft:raw_iron":45,"minecraft:composter":1,"minecraft:light_gray_wool":6,"minecraft:totem_of_undying":4,"minecraft:glass_pane":1,"minecraft:flint_and_steel":1,"minecraft:shield":1,"minecraft:iron_chestplate":1,"minecraft:andesite":172,"minecraft:oak_boat":4,"minecraft:oak_sapling":11,"minecraft:slime_ball":6,"minecraft:stone_pickaxe":1,"minecraft:raw_gold":1,"minecraft:magma_cream":3}},"DataVersion":3465}