{"stats":{"minecraft:custom":{"minecraft:mob_kills":182,"minecraft:interact_with_crafting_table":41,"minecraft:open_barrel":1,"minecraft:leave_game":15,"minecraft:time_since_death":47629,"minecraft:sprint_one_cm":740386,"minecraft:walk_one_cm":268016,"minecraft:damage_blocked_by_shield":2510,"minecraft:drop":26,"minecraft:raid_win":1,"minecraft:play_time":255348,"minecraft:deaths":4,"minecraft:sneak_time":15127,"minecraft:walk_under_water_one_cm":50303,"minecraft:jump":6488,"minecraft:walk_on_water_one_cm":47265,"minecraft:total_world_time":255348,"minecraft:interact_with_furnace":211,"minecraft:time_since_rest":47652,"minecraft:damage_taken":4241,"minecraft:damage_dealt":26116,"minecraft:fly_one_cm":1286106,"minecraft:swim_one_cm":201446,"minecraft:open_chest":75,"minecraft:crouch_one_cm":27908,"minecraft:interact_with_smoker":2,"minecraft:fall_one_cm":198569,"minecraft:horse_one_cm":469579},"minecraft:killed_by":{"minecraft:creeper":2,"minecraft:ravager":1,"minecraft:warden":1},"minecraft:used":{"minecraft:stone_sword":83,"minecraft:diamond_hoe":4274,"minecraft:oak_sign":2,"minecraft:decorated_pot":2,"minecraft:chest":3,"minecraft:spruce_planks":1,"minecraft:shield":43,"minecraft:iron_sword":308,"minecraft:cooked_salmon":5,"minecraft:cooked_chicken":12,"minecraft:oak_door":1,"minecraft:iron_chestplate":1,"minecraft:dirt":42,"minecraft:tuff":3,"minecraft:iron_hoe":250,"minecraft:iron_axe":19,"minecraft:iron_helmet":2,"minecraft:diamond_chestplate":1,"minecraft:bow":4,"minecraft:furnace":24,"minecraft:cooked_beef":5,"minecraft:cobbled_deepslate":35,"minecraft:iron_leggings":2,"minecraft:golden_boots":1,"minecraft:cooked_mutton":5,"minecraft:water_bucket":66,"minecraft:diorite":1,"minecraft:stone_pickaxe":246,"minecraft:oak_planks":1,"minecraft:wooden_pickaxe":4,"minecraft:sugar_cane":10,"minecraft:white_wool":3,"minecraft:crafting_table":18,"minecraft:dripstone_block":1,"minecraft:diamond_pickaxe":104,"minecraft:diamond_shovel":24,"minecraft:bread":2,"minecraft:iron_pickaxe":535,"minecraft:gravel":7,"minecraft:stone_axe":120,"minecraft:pink_petals":23,"minecraft:cobblestone":126,"minecraft:cooked_porkchop":30,"minecraft:bucket":68},"minecraft:killed":{"minecraft:vindicator":7,"minecraft:spider":4,"minecraft:skeleton":26,"minecraft:horse":11,"minecraft:chicken":12,"minecraft:drowned":2,"minecraft:skeleton_horse":2,"minecraft:pig":14,"minecraft:salmon":40,"minecraft:bat":2,"minecraft:sheep":17,"minecraft:pillager":5,"minecraft:zombie":26,"minecraft:donkey":3,"minecraft:enderman":2,"minecraft:cow":5},"minecraft:dropped":{"minecraft:wheat_seeds":4,"minecraft:oak_log":9,"minecraft:granite":20,"minecraft:stick":3,"minecraft:dirt":38,"minecraft:gray_wool":1,"minecraft:string":2,"minecraft:white_wool":3,"minecraft:spruce_sapling":1,"minecraft:bone":2,"minecraft:stone_sword":2,"minecraft:rotten_flesh":5,"minecraft:light_gray_wool":1,"minecraft:gunpowder":4,"minecraft:spruce_planks":1,"minecraft:spider_eye":1,"minecraft:bamboo":1},"minecraft:crafted":{"minecraft:oak_door":3,"minecraft:oak_planks":120,"minecraft:oak_sign":3,"minecraft:diamond_hoe":3,"minecraft:cooked_chicken":12,"minecraft:furnace":6,"minecraft:diamond_shovel":1,"minecraft:cooked_mutton":20,"minecraft:iron_boots":2,"minecraft:diamond_leggings":1,"minecraft:bow":2,"minecraft:iron_axe":1,"minecraft:iron_hoe":1,"minecraft:stone_pickaxe":3,"minecraft:chest":3,"minecraft:cooked_beef":10,"minecraft:cooked_porkchop":27,"minecraft:crafting_table":3,"minecraft:spruce_planks":32,"minecraft:wooden_pickaxe":1,"minecraft:iron_helmet":2,"minecraft:iron_sword":3,"minecraft:cooked_salmon":40,"minecraft:bucket":2,"minecraft:stone_axe":3,"minecraft:air":0,"minecraft:iron_chestplate":2,"minecraft:diamond_pickaxe":1,"minecraft:shield":2,"minecraft:stick":60,"minecraft:iron_ingot":70,"minecraft:iron_pickaxe":3,"minecraft:stone_sword":3,"minecraft:iron_leggings":2,"minecraft:diamond_chestplate":1},"minecraft:mined":{"minecraft:diamond_ore":1,"minecraft:tuff":17,"minecraft:spruce_planks":1,"minecraft:deepslate_diamond_ore":32,"minecraft:sculk_vein":86,"minecraft:granite":20,"minecraft:grass_block":11,"minecraft:decorated_pot":2,"minecraft:tall_seagrass":1,"minecraft:sculk_catalyst":10,"minecraft:furnace":21,"minecraft:iron_ore":65,"minecraft:fire":9,"minecraft:deepslate_lapis_ore":10,"minecraft:sculk_shrieker":4,"minecraft:deepslate_iron_ore":6,"minecraft:stone":519,"minecraft:white_wool":3,"minecraft:crafting_table":17,"minecraft:emerald_ore":1,"minecraft:sculk_sensor":46,"minecraft:lapis_ore":4,"minecraft:sugar_cane":20,"minecraft:oak_planks":2,"minecraft:sculk":4408,"minecraft:diorite":1,"minecraft:pink_petals":14,"minecraft:grass":13,"minecraft:coal_ore":90,"minecraft:oak_log":39,"minecraft:dripstone_block":1,"minecraft:gravel":21,"minecraft:sand":1,"minecraft:dirt":42,"minecraft:oak_leaves":17,"minecraft:deepslate":94},"minecraft:picked_up":{"minecraft:crafting_table":19,"minecraft:iron_chestplate":1,"minecraft:wheat":2,"minecraft:chicken":12,"minecraft:shield":2,"minecraft:string":4,"minecraft:iron_axe":3,"minecraft:iron_leggings":1,"minecraft:diamond_leggings":1,"minecraft:cobbled_deepslate":96,"minecraft:spruce_planks":2,"minecraft:beef":10,"minecraft:iron_pickaxe":2,"minecraft:light_gray_wool":2,"minecraft:sugar_cane":43,"minecraft:iron_boots":2,"minecraft:furnace":25,"minecraft:stick":12,"minecraft:raw_iron":74,"minecraft:porkchop":27,"minecraft:diorite":3,"minecraft:diamond_chestplate":1,"minecraft:stone_sword":2,"minecraft:arrow":36,"minecraft:rotten_flesh":25,"minecraft:decorated_pot":2,"minecraft:saddle":2,"minecraft:mutton":24,"minecraft:white_wool":20,"minecraft:cobblestone":852,"minecraft:pink_petals":23,"minecraft:feather":18,"minecraft:water_bucket":2,"minecraft:salmon":40,"minecraft:brown_wool":6,"minecraft:leather":29,"minecraft:potato":1,"minecraft:flint":2,"minecraft:tuff":12,"minecraft:oak_log":53,"minecraft:gunpowder":6,"minecraft:dirt":120,"minecraft:lapis_lazuli":90,"minecraft:white_banner":6,"minecraft:cooked_mutton":15,"minecraft:bone":23,"minecraft:bow":4,"minecraft:wheat_seeds":10,"minecraft:iron_ingot":13,"minecraft:stone_pickaxe":1,"minecraft:cooked_chicken":1,"minecraft:bamboo":1,"minecraft:oak_planks":2,"minecraft:iron_sword":2,"minecraft:cooked_porkchop":24,"minecraft:dripstone_block":1,"minecraft:gravel":25,"minecraft:sand":1,"minecraft:spruce_sapling":1,"minecraft:spruce_log":40,"minecraft:spider_eye":4,"minecraft:iron_hoe":1,"minecraft:diamond":33,"minecraft:stone_axe":2,"minecraft:iron_helmet":2,"minecraft:crossbow":1,"minecraft:granite":40,"minecraft:bone_meal":1,"minecraft:gray_wool":2,"minecraft:bread":2,"minecraft:emerald":6,"minecraft:oak_sapling":1,"minecraft:black_wool":1,"minecraft:coal":136,"minecraft:ender_pearl":2,"minecraft:diamond_pickaxe":1},"minecraft:broken":{"minecraft:stone_pickaxe":1,"minecraft:iron_axe":1,"minecraft:iron_sword":1,"minecraft:iron_pickaxe":1,"minecraft:diamond_hoe":2,"minecraft:iron_hoe":1}},"DataVersion":3465}