{"stats":{"minecraft:used":{"minecraft:dirt":1,"minecraft:oak_sapling":1,"minecraft:oak_sign":2},"minecraft:picked_up":{"minecraft:oak_sign":2,"minecraft:wheat_seeds":10,"minecraft:oak_sapling":1,"minecraft:mutton":4,"minecraft:white_wool":3,"minecraft:dirt":2},"minecraft:mined":{"minecraft:grass":55,"minecraft:grass_block":1,"minecraft:oak_sign":2,"minecraft:tall_grass":17,"minecraft:oak_leaves":1},"minecraft:dropped":{"minecraft:dirt":1,"minecraft:wheat_seeds":7},"minecraft:killed":{"minecraft:sheep":3},"minecraft:custom":{"minecraft:time_since_rest":14946,"minecraft:crouch_one_cm":168,"minecraft:play_time":14946,"minecraft:walk_one_cm":16841,"minecraft:sneak_time":216,"minecraft:mob_kills":3,"minecraft:drop":8,"minecraft:jump":190,"minecraft:damage_dealt":270,"minecraft:leave_game":3,"minecraft:time_since_death":14946,"minecraft:total_world_time":14946,"minecraft:fly_one_cm":49612}},"DataVersion":3465}