{"stats":{"minecraft:used":{"minecraft:wooden_axe":4,"minecraft:iron_axe":5,"minecraft:stone_pickaxe":74,"minecraft:stone_shovel":34,"minecraft:iron_pickaxe":19,"minecraft:oak_sign":1,"minecraft:wooden_pickaxe":3,"minecraft:oak_door":7,"minecraft:stone_axe":67,"minecraft:torch":4,"minecraft:dirt":7,"minecraft:crafting_table":5,"minecraft:furnace":1,"minecraft:oak_sapling":1,"minecraft:oak_boat":1,"minecraft:cooked_beef":2},"minecraft:custom":{"minecraft:time_since_rest":714,"minecraft:interact_with_furnace":8,"minecraft:sprint_one_cm":39900,"minecraft:damage_taken":80,"minecraft:walk_one_cm":47812,"minecraft:mob_kills":2,"minecraft:damage_dealt":200,"minecraft:swim_one_cm":22032,"minecraft:interact_with_crafting_table":14,"minecraft:fly_one_cm":87788,"minecraft:open_chest":3,"minecraft:crouch_one_cm":2007,"minecraft:play_time":42402,"minecraft:sneak_time":1689,"minecraft:walk_under_water_one_cm":13792,"minecraft:boat_one_cm":21240,"minecraft:jump":371,"minecraft:leave_game":5,"minecraft:walk_on_water_one_cm":8009,"minecraft:time_since_death":42402,"minecraft:sleep_in_bed":1,"minecraft:total_world_time":42402,"minecraft:fall_one_cm":12972,"minecraft:horse_one_cm":8075},"minecraft:mined":{"minecraft:white_bed":1,"minecraft:furnace":1,"minecraft:oak_door":6,"minecraft:iron_ore":6,"minecraft:crafting_table":4,"minecraft:grass":1,"minecraft:coal_ore":41,"minecraft:grass_block":18,"minecraft:oak_log":24,"minecraft:dirt":17,"minecraft:copper_ore":9,"minecraft:bamboo":4,"minecraft:stone":38,"minecraft:oak_leaves":41,"minecraft:wall_torch":1},"minecraft:picked_up":{"minecraft:crafting_table":4,"minecraft:stick":2,"minecraft:raw_iron":6,"minecraft:oak_door":6,"minecraft:leather":2,"minecraft:torch":2,"minecraft:oak_log":24,"minecraft:white_bed":1,"minecraft:dirt":29,"minecraft:raw_copper":32,"minecraft:wheat_seeds":1,"minecraft:beef":4,"minecraft:oak_boat":1,"minecraft:bamboo":27,"minecraft:oak_sapling":1,"minecraft:coal":39,"minecraft:egg":1,"minecraft:cobblestone":34,"minecraft:furnace":1},"minecraft:crafted":{"minecraft:cooked_beef":2,"minecraft:oak_door":3,"minecraft:oak_boat":1,"minecraft:oak_planks":44,"minecraft:stone_shovel":1,"minecraft:oak_sign":3,"minecraft:iron_axe":1,"minecraft:crafting_table":2,"minecraft:stick":20,"minecraft:wooden_pickaxe":1,"minecraft:iron_ingot":6,"minecraft:iron_pickaxe":1,"minecraft:stone_pickaxe":1,"minecraft:wooden_axe":1,"minecraft:furnace":1,"minecraft:torch":12,"minecraft:stone_axe":1,"minecraft:air":0},"minecraft:killed":{"minecraft:cow":2}},"DataVersion":3465}