{"stats":{"minecraft:custom":{"minecraft:mob_kills":71,"minecraft:interact_with_crafting_table":53,"minecraft:open_barrel":15,"minecraft:bell_ring":16,"minecraft:eat_cake_slice":2,"minecraft:leave_game":60,"minecraft:time_since_death":46866,"minecraft:climb_one_cm":1906,"minecraft:sprint_one_cm":635847,"minecraft:walk_one_cm":1424007,"minecraft:drop":153,"minecraft:talked_to_villager":2,"minecraft:play_time":934854,"minecraft:deaths":7,"minecraft:sneak_time":50544,"minecraft:walk_under_water_one_cm":138154,"minecraft:boat_one_cm":23716,"minecraft:jump":5651,"minecraft:walk_on_water_one_cm":31702,"minecraft:total_world_time":934854,"minecraft:interact_with_furnace":28,"minecraft:sleep_in_bed":15,"minecraft:time_since_rest":5707,"minecraft:damage_taken":4776,"minecraft:damage_dealt":8540,"minecraft:swim_one_cm":200390,"minecraft:fly_one_cm":829071,"minecraft:open_chest":110,"minecraft:crouch_one_cm":111993,"minecraft:interact_with_smoker":1,"minecraft:fall_one_cm":112191},"minecraft:killed_by":{"minecraft:spider":2,"minecraft:drowned":1,"minecraft:slime":1,"minecraft:skeleton":1},"minecraft:used":{"minecraft:cherry_boat":5,"minecraft:oak_trapdoor":2,"minecraft:stone_sword":190,"minecraft:oak_sign":14,"minecraft:chest":4,"minecraft:spruce_planks":6,"minecraft:wooden_shovel":10,"minecraft:rotten_flesh":3,"minecraft:netherrack":24,"minecraft:torch":127,"minecraft:soul_sand":61,"minecraft:dirt":60,"minecraft:mutton":5,"minecraft:tuff":53,"minecraft:granite":9,"minecraft:flowering_azalea":1,"minecraft:lantern":1,"minecraft:barrel":1,"minecraft:bamboo":2,"minecraft:magma_block":1,"minecraft:bow":1,"minecraft:beef":27,"minecraft:soul_soil":28,"minecraft:furnace":2,"minecraft:oak_sapling":3,"minecraft:egg":4,"minecraft:cooked_beef":9,"minecraft:cobbled_deepslate":494,"minecraft:cherry_fence":1,"minecraft:cherry_log":15,"minecraft:golden_boots":1,"minecraft:calcite":6,"minecraft:wheat_seeds":1159,"minecraft:cooked_mutton":1,"minecraft:water_bucket":19,"minecraft:cobblestone_stairs":247,"minecraft:stone_pickaxe":2723,"minecraft:oak_planks":4,"minecraft:wooden_pickaxe":59,"minecraft:oak_slab":4,"minecraft:crafting_table":11,"minecraft:bamboo_block":1,"minecraft:white_bed":1,"minecraft:book":4,"minecraft:cobbled_deepslate_stairs":53,"minecraft:bread":49,"minecraft:oak_button":1,"minecraft:iron_pickaxe":1776,"minecraft:spruce_trapdoor":1,"minecraft:gravel":4,"minecraft:stone_axe":134,"minecraft:cobblestone":85,"minecraft:porkchop":2,"minecraft:bucket":21,"minecraft:andesite":23,"minecraft:kelp":43,"minecraft:bone_meal":399},"minecraft:killed":{"minecraft:zombified_piglin":1,"minecraft:spider":3,"minecraft:slime":3,"minecraft:skeleton":7,"minecraft:drowned":1,"minecraft:pig":9,"minecraft:creeper":5,"minecraft:sheep":11,"minecraft:zombie":3,"minecraft:cow":26},"minecraft:dropped":{"minecraft:bread":58,"minecraft:soul_sand":27,"minecraft:wheat_seeds":18,"minecraft:cooked_porkchop":7,"minecraft:cobblestone":2,"minecraft:amethyst_block":64,"minecraft:flint":1,"minecraft:torch":1,"minecraft:string":5,"minecraft:white_wool":72,"minecraft:dandelion":1,"minecraft:smooth_basalt":39,"minecraft:kelp":280,"minecraft:cobbled_deepslate":495,"minecraft:tuff":566,"minecraft:wheat":2,"minecraft:rotten_flesh":2,"minecraft:cooked_mutton":11,"minecraft:shears":1,"minecraft:spider_eye":4,"minecraft:slime_ball":3,"minecraft:bow":1,"minecraft:calcite":21},"minecraft:crafted":{"minecraft:oak_planks":140,"minecraft:raw_iron":18,"minecraft:barrel":1,"minecraft:oak_sign":12,"minecraft:furnace":1,"minecraft:cobblestone_stairs":240,"minecraft:bone_meal":642,"minecraft:oak_trapdoor":2,"minecraft:cooked_mutton":12,"minecraft:bamboo_block":1,"minecraft:iron_boots":1,"minecraft:stone_pickaxe":18,"minecraft:chest":4,"minecraft:cobbled_deepslate_stairs":64,"minecraft:oak_button":1,"minecraft:cooked_beef":6,"minecraft:oak_slab":6,"minecraft:wooden_shovel":1,"minecraft:cooked_porkchop":7,"minecraft:crafting_table":2,"minecraft:wooden_pickaxe":1,"minecraft:iron_helmet":1,"minecraft:bucket":2,"minecraft:stone_axe":2,"minecraft:bread":174,"minecraft:air":0,"minecraft:iron_chestplate":1,"minecraft:stick":96,"minecraft:iron_ingot":51,"minecraft:iron_pickaxe":9,"minecraft:stone_sword":2,"minecraft:iron_leggings":1,"minecraft:white_bed":1,"minecraft:torch":108},"minecraft:mined":{"minecraft:tuff":696,"minecraft:deepslate_diamond_ore":4,"minecraft:cobbled_deepslate_stairs":2,"minecraft:cobblestone_stairs":3,"minecraft:sculk_vein":1,"minecraft:cherry_log":15,"minecraft:spruce_trapdoor":1,"minecraft:granite":56,"minecraft:grass_block":13,"minecraft:soul_soil":32,"minecraft:kelp":8,"minecraft:oak_wall_sign":1,"minecraft:tall_seagrass":6,"minecraft:raw_iron_block":2,"minecraft:furnace":1,"minecraft:fire":7,"minecraft:cobbled_deepslate":81,"minecraft:andesite":108,"minecraft:pumpkin":1,"minecraft:oak_sign":1,"minecraft:deepslate_iron_ore":182,"minecraft:bamboo":1,"minecraft:stone":1177,"minecraft:bone_block":104,"minecraft:podzol":1,"minecraft:deepslate_redstone_ore":8,"minecraft:flowering_azalea":1,"minecraft:soul_sand":99,"minecraft:kelp_plant":94,"minecraft:soul_fire":18,"minecraft:dandelion":1,"minecraft:crafting_table":8,"minecraft:torch":8,"minecraft:calcite":91,"minecraft:cobblestone":16,"minecraft:tall_grass":6,"minecraft:deepslate_gold_ore":2,"minecraft:oak_planks":5,"minecraft:sculk":19,"minecraft:diorite":63,"minecraft:wall_torch":6,"minecraft:amethyst_block":143,"minecraft:seagrass":4,"minecraft:cherry_fence":1,"minecraft:wheat":757,"minecraft:birch_leaves":2,"minecraft:grass":25,"minecraft:oak_log":94,"minecraft:coal_ore":44,"minecraft:cherry_leaves":15,"minecraft:gravel":132,"minecraft:dirt":39,"minecraft:smooth_basalt":39,"minecraft:netherrack":24,"minecraft:oak_leaves":14,"minecraft:deepslate":1665},"minecraft:picked_up":{"minecraft:crafting_table":13,"minecraft:iron_chestplate":1,"minecraft:wheat":734,"minecraft:lead":2,"minecraft:amethyst_block":127,"minecraft:string":5,"minecraft:soul_soil":28,"minecraft:iron_leggings":1,"minecraft:oak_sign":8,"minecraft:cherry_boat":10,"minecraft:cobbled_deepslate":2243,"minecraft:bucket":2,"minecraft:spruce_planks":6,"minecraft:beef":76,"minecraft:calcite":112,"minecraft:iron_pickaxe":4,"minecraft:spruce_trapdoor":1,"minecraft:furnace":2,"minecraft:iron_boots":1,"minecraft:egg":6,"minecraft:stick":30,"minecraft:raw_iron":182,"minecraft:torch":123,"minecraft:porkchop":17,"minecraft:cherry_log":15,"minecraft:diorite":63,"minecraft:redstone":14,"minecraft:arrow":8,"minecraft:stone_sword":5,"minecraft:rotten_flesh":5,"minecraft:shears":1,"minecraft:mutton":23,"minecraft:bone_block":103,"minecraft:white_wool":98,"minecraft:cobblestone":1160,"minecraft:magma_block":1,"minecraft:cooked_beef":11,"minecraft:water_bucket":4,"minecraft:andesite":106,"minecraft:leather":77,"minecraft:flint":15,"minecraft:tuff":1248,"minecraft:oak_log":156,"minecraft:cherry_fence":1,"minecraft:golden_boots":2,"minecraft:cobbled_deepslate_stairs":13,"minecraft:gunpowder":4,"minecraft:cobblestone_stairs":7,"minecraft:dirt":65,"minecraft:lantern":1,"minecraft:bone":11,"minecraft:kelp":2641,"minecraft:bow":2,"minecraft:wheat_seeds":2018,"minecraft:raw_gold":2,"minecraft:iron_ingot":15,"minecraft:stone_pickaxe":10,"minecraft:bamboo":19,"minecraft:soul_sand":89,"minecraft:flowering_azalea":1,"minecraft:oak_planks":12,"minecraft:smooth_basalt":78,"minecraft:pumpkin":2,"minecraft:dandelion":1,"minecraft:raw_iron_block":2,"minecraft:gravel":127,"minecraft:spider_eye":4,"minecraft:slime_ball":3,"minecraft:diamond":10,"minecraft:stone_axe":5,"minecraft:iron_helmet":1,"minecraft:granite":41,"minecraft:cherry_sapling":1,"minecraft:bone_meal":109,"minecraft:bread":152,"minecraft:oak_sapling":3,"minecraft:netherrack":24,"minecraft:coal":47},"minecraft:broken":{"minecraft:golden_boots":1,"minecraft:wooden_pickaxe":1,"minecraft:stone_pickaxe":20,"minecraft:iron_pickaxe":6}},"DataVersion":3465}