{"stats":{"minecraft:broken":{"minecraft:iron_shovel":2,"minecraft:shears":1,"minecraft:iron_boots":1,"minecraft:stone_pickaxe":15,"minecraft:stone_axe":4,"minecraft:iron_sword":1,"minecraft:wooden_axe":1,"minecraft:stone_shovel":2,"minecraft:stone_hoe":5,"minecraft:shield":4,"minecraft:iron_axe":1,"minecraft:iron_pickaxe":9,"minecraft:iron_helmet":1,"minecraft:wooden_hoe":2},"minecraft:killed":{"minecraft:witch":1,"minecraft:spider":12,"minecraft:skeleton":35,"minecraft:chicken":155,"minecraft:turtle":1,"minecraft:magma_cube":1,"minecraft:piglin":1,"minecraft:pig":283,"minecraft:salmon":4,"minecraft:creeper":8,"minecraft:sheep":282,"minecraft:trader_llama":6,"minecraft:pillager":6,"minecraft:zombie":41,"minecraft:donkey":3,"minecraft:blaze":42,"minecraft:cow":213,"minecraft:slime":23,"minecraft:horse":56,"minecraft:drowned":1,"minecraft:rabbit":1,"minecraft:bat":2,"minecraft:wandering_trader":3,"minecraft:squid":1,"minecraft:wither_skeleton":4,"minecraft:enderman":1},"minecraft:used":{"minecraft:moss_block":1,"minecraft:cherry_sapling":23,"minecraft:iron_shovel":501,"minecraft:spruce_slab":148,"minecraft:ladder":15,"minecraft:oak_sign":18,"minecraft:decorated_pot":8,"minecraft:chest":14,"minecraft:shield":562,"minecraft:stone":1,"minecraft:iron_sword":1403,"minecraft:iron_chestplate":3,"minecraft:mutton":86,"minecraft:nether_bricks":8,"minecraft:carrot":34,"minecraft:stripped_spruce_log":2,"minecraft:milk_bucket":7,"minecraft:lava_bucket":195,"minecraft:lantern":1,"minecraft:iron_helmet":4,"minecraft:cherry_leaves":6,"minecraft:item_frame":1,"minecraft:bow":262,"minecraft:furnace":5,"minecraft:egg":2,"minecraft:potato":83,"minecraft:golden_boots":1,"minecraft:diorite":31,"minecraft:stone_pickaxe":2095,"minecraft:oak_planks":751,"minecraft:wooden_pickaxe":25,"minecraft:diamond_axe":1007,"minecraft:sugar_cane":18,"minecraft:glow_berries":1,"minecraft:sand":1,"minecraft:loom":1,"minecraft:blast_furnace":1,"minecraft:shears":47,"minecraft:cobbled_deepslate_stairs":6,"minecraft:lightning_rod":1,"minecraft:redstone_torch":9,"minecraft:sticky_piston":2,"minecraft:lever":5,"minecraft:firework_rocket":3,"minecraft:string":1,"minecraft:bread":159,"minecraft:cherry_sign":6,"minecraft:gravel":7,"minecraft:wooden_sword":53,"minecraft:poisonous_potato":1,"minecraft:oak_hanging_sign":7,"minecraft:bone_meal":58,"minecraft:stone_sword":160,"minecraft:armor_stand":2,"minecraft:stone_shovel":431,"minecraft:redstone":24,"minecraft:spruce_planks":108,"minecraft:stone_hoe":1318,"minecraft:cooked_chicken":3,"minecraft:netherrack":99,"minecraft:oak_door":1,"minecraft:torch":197,"minecraft:dirt":245,"minecraft:spruce_stairs":60,"minecraft:cobblestone_wall":263,"minecraft:oak_wood":8,"minecraft:wooden_axe":94,"minecraft:bookshelf":1,"minecraft:iron_axe":454,"minecraft:oak_stairs":1,"minecraft:bamboo_hanging_sign":4,"minecraft:iron_boots":3,"minecraft:bamboo":2,"minecraft:basalt":32,"minecraft:golden_carrot":5,"minecraft:beef":66,"minecraft:cooked_beef":142,"minecraft:cobbled_deepslate":82,"minecraft:cherry_log":7,"minecraft:iron_leggings":3,"minecraft:wheat_seeds":2511,"minecraft:cooked_mutton":79,"minecraft:water_bucket":100,"minecraft:cobblestone_stairs":119,"minecraft:amethyst_block":5,"minecraft:cartography_table":7,"minecraft:cauldron":5,"minecraft:deepslate_bricks":2,"minecraft:salmon":1,"minecraft:oak_slab":1,"minecraft:crafting_table":40,"minecraft:cod":1,"minecraft:white_bed":46,"minecraft:painting":1,"minecraft:smoker":3,"minecraft:spruce_log":76,"minecraft:oak_log":81,"minecraft:piston":2,"minecraft:wooden_hoe":189,"minecraft:black_wool":1,"minecraft:diamond_pickaxe":6933,"minecraft:apple":1,"minecraft:chicken":2,"minecraft:oak_button":1,"minecraft:iron_pickaxe":3113,"minecraft:stone_slab":6,"minecraft:spruce_sapling":10,"minecraft:stone_axe":807,"minecraft:pink_petals":4,"minecraft:fishing_rod":60,"minecraft:cobblestone":299,"minecraft:cherry_stairs":5,"minecraft:cobbled_deepslate_slab":31,"minecraft:porkchop":114,"minecraft:cooked_porkchop":38,"minecraft:bucket":299,"minecraft:glass_pane":46,"minecraft:pumpkin_pie":1},"minecraft:custom":{"minecraft:animals_bred":21,"minecraft:interact_with_crafting_table":337,"minecraft:open_barrel":18,"minecraft:bell_ring":49,"minecraft:eat_cake_slice":2,"minecraft:leave_game":111,"minecraft:time_since_death":1002292,"minecraft:sprint_one_cm":8123263,"minecraft:damage_blocked_by_shield":20471,"minecraft:drop":1444,"minecraft:talked_to_villager":211,"minecraft:play_time":2319122,"minecraft:deaths":16,"minecraft:jump":42961,"minecraft:interact_with_brewingstand":1,"minecraft:walk_on_water_one_cm":214438,"minecraft:enchant_item":20,"minecraft:interact_with_furnace":179,"minecraft:traded_with_villager":279,"minecraft:interact_with_cartography_table":7,"minecraft:interact_with_loom":1,"minecraft:sleep_in_bed":130,"minecraft:open_enderchest":1,"minecraft:damage_dealt":119516,"minecraft:crouch_one_cm":101224,"minecraft:interact_with_smoker":132,"minecraft:use_cauldron":4,"minecraft:horse_one_cm":167679,"minecraft:interact_with_smithing_table":4,"minecraft:mob_kills":1280,"minecraft:interact_with_anvil":26,"minecraft:inspect_hopper":7,"minecraft:fill_cauldron":6,"minecraft:climb_one_cm":149395,"minecraft:walk_one_cm":3668533,"minecraft:raid_win":1,"minecraft:sneak_time":43926,"minecraft:walk_under_water_one_cm":151486,"minecraft:boat_one_cm":24637,"minecraft:interact_with_blast_furnace":13,"minecraft:total_world_time":2319122,"minecraft:raid_trigger":1,"minecraft:interact_with_stonecutter":1,"minecraft:time_since_rest":5802,"minecraft:damage_taken":25284,"minecraft:swim_one_cm":612521,"minecraft:fly_one_cm":8361688,"minecraft:open_chest":1115,"minecraft:fish_caught":20,"minecraft:fall_one_cm":1254091},"minecraft:crafted":{"minecraft:oak_planks":2624,"minecraft:smooth_stone":11,"minecraft:oak_sign":18,"minecraft:cooked_chicken":42,"minecraft:lightning_rod":6,"minecraft:stone":21,"minecraft:cobblestone_stairs":140,"minecraft:lever":1,"minecraft:bookshelf":1,"minecraft:cooked_mutton":140,"minecraft:glass":176,"minecraft:bow":2,"minecraft:iron_boots":1,"minecraft:decorated_pot":1,"minecraft:chest":12,"minecraft:oak_button":1,"minecraft:stone_hoe":7,"minecraft:golden_boots":1,"minecraft:smoker":3,"minecraft:arrow":172,"minecraft:emerald":245,"minecraft:cauldron":2,"minecraft:diamond_axe":1,"minecraft:cooked_porkchop":217,"minecraft:crafting_table":18,"minecraft:spruce_planks":300,"minecraft:wooden_pickaxe":3,"minecraft:iron_helmet":2,"minecraft:copper_ingot":46,"minecraft:sticky_piston":1,"minecraft:oak_wood":18,"minecraft:cartography_table":3,"minecraft:cherry_sign":3,"minecraft:charcoal":11,"minecraft:iron_chestplate":2,"minecraft:book":6,"minecraft:wooden_hoe":3,"minecraft:paper":510,"minecraft:diamond_pickaxe":1,"minecraft:shield":8,"minecraft:stick":2826,"minecraft:stone_slab":6,"minecraft:iron_ingot":218,"minecraft:iron_pickaxe":11,"minecraft:stone_sword":2,"minecraft:gold_ingot":15,"minecraft:redstone_torch":2,"minecraft:golden_carrot":6,"minecraft:cherry_planks":28,"minecraft:cobbled_deepslate_slab":24,"minecraft:wooden_sword":2,"minecraft:oak_door":3,"minecraft:redstone":6,"minecraft:stone_shovel":3,"minecraft:fishing_rod":1,"minecraft:smooth_stone_slab":6,"minecraft:diamond_hoe":1,"minecraft:furnace":8,"minecraft:blast_furnace":1,"minecraft:piston":1,"minecraft:bone_meal":93,"minecraft:glass_pane":400,"minecraft:spruce_stairs":52,"minecraft:iron_axe":4,"minecraft:ladder":12,"minecraft:spruce_slab":134,"minecraft:stone_pickaxe":22,"minecraft:cobblestone_wall":252,"minecraft:cobbled_deepslate_stairs":4,"minecraft:cooked_beef":178,"minecraft:iron_sword":6,"minecraft:bucket":5,"minecraft:stone_axe":8,"minecraft:enchanted_book":6,"minecraft:bread":236,"minecraft:air":0,"minecraft:wooden_axe":3,"minecraft:iron_shovel":2,"minecraft:iron_leggings":2,"minecraft:armor_stand":2,"minecraft:white_bed":26,"minecraft:torch":156},"minecraft:mined":{"minecraft:spruce_planks":19,"minecraft:white_bed":25,"minecraft:farmland":49,"minecraft:cobbled_deepslate_stairs":3,"minecraft:cherry_log":179,"minecraft:cobblestone_stairs":2,"minecraft:obsidian":21,"minecraft:granite":453,"minecraft:budding_amethyst":6,"minecraft:grass_block":376,"minecraft:light_gray_bed":1,"minecraft:soul_soil":8,"minecraft:deepslate_bricks":3,"minecraft:oak_wall_sign":3,"minecraft:oxeye_daisy":3,"minecraft:tall_seagrass":1,"minecraft:bamboo_wall_hanging_sign":1,"minecraft:glowstone":6,"minecraft:cobbled_deepslate":12,"minecraft:sticky_piston":1,"minecraft:iron_ore":137,"minecraft:fire":58,"minecraft:pumpkin":18,"minecraft:azure_bluet":4,"minecraft:red_tulip":1,"minecraft:oak_wall_hanging_sign":2,"minecraft:oak_sign":2,"minecraft:water_cauldron":1,"minecraft:oak_stairs":2,"minecraft:spruce_slab":9,"minecraft:deepslate_redstone_ore":29,"minecraft:brown_mushroom":1,"minecraft:red_bed":1,"minecraft:blackstone":8,"minecraft:soul_fire":1,"minecraft:amethyst_cluster":14,"minecraft:torch":5,"minecraft:calcite":77,"minecraft:poppy":2,"minecraft:chest":2,"minecraft:nether_quartz_ore":140,"minecraft:cobblestone":77,"minecraft:sugar_cane":98,"minecraft:oak_planks":99,"minecraft:wall_torch":30,"minecraft:amethyst_block":97,"minecraft:cauldron":2,"minecraft:seagrass":2,"minecraft:cherry_fence":1,"minecraft:wheat":3291,"minecraft:grass":1020,"minecraft:oak_log":925,"minecraft:beetroots":2,"minecraft:sand":554,"minecraft:dirt":259,"minecraft:smooth_basalt":5,"minecraft:netherrack":3270,"minecraft:piston":2,"minecraft:oak_leaves":114,"minecraft:deepslate":220,"minecraft:nether_gold_ore":55,"minecraft:diamond_ore":2,"minecraft:tuff":36,"minecraft:mossy_cobblestone":1,"minecraft:deepslate_diamond_ore":9,"minecraft:cherry_sapling":4,"minecraft:stripped_cherry_log":1,"minecraft:nether_bricks":41,"minecraft:lever":5,"minecraft:ladder":4,"minecraft:cobbled_deepslate_slab":10,"minecraft:decorated_pot":5,"minecraft:crimson_roots":5,"minecraft:redstone_wire":18,"minecraft:spruce_leaves":91,"minecraft:cartography_table":4,"minecraft:moss_block":3,"minecraft:sandstone":2,"minecraft:redstone_ore":12,"minecraft:spruce_sapling":1,"minecraft:furnace":2,"minecraft:carrots":24,"minecraft:andesite":137,"minecraft:peony":2,"minecraft:nether_brick_fence":1,"minecraft:bookshelf":1,"minecraft:potatoes":28,"minecraft:deepslate_iron_ore":18,"minecraft:stripped_oak_log":3,"minecraft:bamboo":21,"minecraft:oak_hanging_sign":5,"minecraft:stone":5285,"minecraft:cherry_stairs":5,"minecraft:bone_block":62,"minecraft:redstone_wall_torch":4,"minecraft:oak_slab":1,"minecraft:glass_pane":28,"minecraft:cherry_planks":1,"minecraft:soul_sand":3,"minecraft:basalt":193,"minecraft:dandelion":12,"minecraft:crafting_table":24,"minecraft:cornflower":3,"minecraft:oak_wood":2,"minecraft:rose_bush":1,"minecraft:stone_slab":2,"minecraft:tall_grass":181,"minecraft:copper_ore":78,"minecraft:deepslate_gold_ore":8,"minecraft:lapis_ore":9,"minecraft:diorite":592,"minecraft:spruce_stairs":9,"minecraft:cobblestone_wall":11,"minecraft:redstone_torch":3,"minecraft:spruce_log":154,"minecraft:birch_leaves":1,"minecraft:bee_nest":1,"minecraft:yellow_bed":2,"minecraft:coal_ore":419,"minecraft:cherry_leaves":114,"minecraft:gravel":29,"minecraft:cobweb":37,"minecraft:gold_ore":10},"minecraft:dropped":{"minecraft:iron_sword":1,"minecraft:moss_block":6,"minecraft:porkchop":6,"minecraft:diamond_axe":1,"minecraft:lapis_lazuli":5,"minecraft:oak_log":40,"minecraft:cooked_porkchop":84,"minecraft:decorated_pot":1,"minecraft:leather":7,"minecraft:saddle":2,"minecraft:emerald":1,"minecraft:cobblestone_stairs":24,"minecraft:dirt":77,"minecraft:grass":2,"minecraft:cornflower":2,"minecraft:mutton":1,"minecraft:crimson_roots":1,"minecraft:cherry_leaves":59,"minecraft:gold_nugget":5,"minecraft:sand":1,"minecraft:iron_pickaxe":2,"minecraft:white_wool":24,"minecraft:bone":4,"minecraft:oak_door":8,"minecraft:gravel":35,"minecraft:stone_axe":1,"minecraft:sugar_cane":1,"minecraft:lever":3,"minecraft:cooked_chicken":40,"minecraft:cobbled_deepslate":8,"minecraft:wheat":85,"minecraft:cherry_sapling":9,"minecraft:rotten_flesh":23,"minecraft:oak_planks":207,"minecraft:glowstone_dust":8,"minecraft:cooked_mutton":24,"minecraft:azure_bluet":3,"minecraft:white_bed":1,"minecraft:carrot":10,"minecraft:poppy":4,"minecraft:gunpowder":82,"minecraft:oak_wood":7,"minecraft:glass":3,"minecraft:arrow":3,"minecraft:beef":14,"minecraft:quartz":39,"minecraft:bread":150,"minecraft:netherrack":5,"minecraft:egg":43,"minecraft:stone_hoe":2,"minecraft:water_bucket":2,"minecraft:iron_ingot":4,"minecraft:cherry_log":105,"minecraft:wheat_seeds":1772,"minecraft:golden_helmet":1,"minecraft:cobbled_deepslate_stairs":1,"minecraft:mossy_cobblestone":1,"minecraft:poisonous_potato":1,"minecraft:feather":21,"minecraft:cobblestone":799,"minecraft:spruce_stairs":4,"minecraft:stick":116,"minecraft:oxeye_daisy":2,"minecraft:gray_wool":4,"minecraft:diorite":192,"minecraft:golden_carrot":1,"minecraft:wooden_hoe":2,"minecraft:torch":7,"minecraft:rose_bush":1,"minecraft:brown_wool":1,"minecraft:cherry_planks":3,"minecraft:white_banner":1,"minecraft:dandelion":5,"minecraft:furnace":2,"minecraft:oak_trapdoor":1,"minecraft:raw_copper":2,"minecraft:tuff":13,"minecraft:stone_shovel":4,"minecraft:raw_iron":2,"minecraft:chicken":34,"minecraft:light_gray_wool":3,"minecraft:stripped_oak_log":1,"minecraft:cobbled_deepslate_slab":3,"minecraft:nether_bricks":16,"minecraft:glass_pane":27,"minecraft:stripped_bamboo_block":1,"minecraft:stone":2,"minecraft:peony":1,"minecraft:spruce_planks":26,"minecraft:diamond_pickaxe":1,"minecraft:andesite":56,"minecraft:light_gray_bed":1,"minecraft:spider_eye":1,"minecraft:bamboo":4,"minecraft:light_gray_dye":1,"minecraft:spruce_log":6,"minecraft:raw_gold":2,"minecraft:black_wool":2},"minecraft:picked_up":{"minecraft:wooden_axe":1,"minecraft:iron_chestplate":1,"minecraft:wheat":2449,"minecraft:chainmail_boots":1,"minecraft:stone_slab":1,"minecraft:lead":4,"minecraft:oak_stairs":2,"minecraft:enchanted_book":1,"minecraft:amethyst_block":95,"minecraft:string":52,"minecraft:soul_soil":5,"minecraft:raw_copper":141,"minecraft:oak_hanging_sign":9,"minecraft:sticky_piston":1,"minecraft:pufferfish":4,"minecraft:oak_sign":8,"minecraft:gold_nugget":228,"minecraft:cobbled_deepslate":93,"minecraft:spruce_planks":72,"minecraft:redstone_torch":8,"minecraft:rose_bush":1,"minecraft:calcite":74,"minecraft:iron_pickaxe":4,"minecraft:iron_boots":1,"minecraft:furnace":4,"minecraft:stick":127,"minecraft:torch":90,"minecraft:spruce_stairs":24,"minecraft:porkchop":483,"minecraft:cherry_log":181,"minecraft:diorite":589,"minecraft:cauldron":5,"minecraft:golden_chestplate":1,"minecraft:rabbit_foot":1,"minecraft:light_gray_bed":1,"minecraft:stone_sword":1,"minecraft:rotten_flesh":42,"minecraft:red_tulip":1,"minecraft:netherite_chestplate":1,"minecraft:blaze_rod":23,"minecraft:obsidian":21,"minecraft:cod":8,"minecraft:cobblestone":4589,"minecraft:pink_petals":4,"minecraft:feather":157,"minecraft:cooked_beef":137,"minecraft:cherry_planks":4,"minecraft:water_bucket":3,"minecraft:cherry_leaves":105,"minecraft:andesite":147,"minecraft:brown_wool":2,"minecraft:potato":82,"minecraft:flint":3,"minecraft:tuff":2,"minecraft:light_gray_dye":1,"minecraft:netherite_leggings":1,"minecraft:lapis_lazuli":65,"minecraft:dirt":612,"minecraft:lantern":1,"minecraft:stripped_bamboo_block":1,"minecraft:bone":33,"minecraft:bow":6,"minecraft:wheat_seeds":6100,"minecraft:raw_gold":20,"minecraft:cobbled_deepslate_slab":10,"minecraft:netherite_axe":1,"minecraft:glowstone_dust":8,"minecraft:bamboo":64,"minecraft:moss_block":7,"minecraft:stone_hoe":2,"minecraft:oak_planks":292,"minecraft:cooked_porkchop":125,"minecraft:poisonous_potato":2,"minecraft:sand":516,"minecraft:stripped_spruce_log":2,"minecraft:loom":1,"minecraft:mossy_cobblestone":1,"minecraft:sugar":1,"minecraft:diamond":14,"minecraft:netherite_helmet":1,"minecraft:lever":7,"minecraft:granite":686,"minecraft:grass":2,"minecraft:bread":78,"minecraft:emerald":3,"minecraft:oak_sapling":55,"minecraft:netherrack":341,"minecraft:crimson_roots":5,"minecraft:spruce_leaves":44,"minecraft:crafting_table":24,"minecraft:azure_bluet":3,"minecraft:chicken":143,"minecraft:ladder":4,"minecraft:brown_mushroom":2,"minecraft:wooden_pickaxe":2,"minecraft:stripped_cherry_log":1,"minecraft:brick":4,"minecraft:shield":3,"minecraft:cornflower":2,"minecraft:oak_trapdoor":1,"minecraft:item_frame":1,"minecraft:blackstone":7,"minecraft:glass_pane":34,"minecraft:cartography_table":4,"minecraft:netherite_sword":1,"minecraft:beef":385,"minecraft:poppy":5,"minecraft:spruce_slab":15,"minecraft:light_gray_wool":5,"minecraft:sugar_cane":142,"minecraft:chest":3,"minecraft:piston":2,"minecraft:egg":54,"minecraft:dark_oak_sapling":1,"minecraft:raw_iron":189,"minecraft:sandstone":1,"minecraft:cherry_stairs":5,"minecraft:oak_door":6,"minecraft:bamboo_hanging_sign":4,"minecraft:cookie":2,"minecraft:carrot":117,"minecraft:redstone":184,"minecraft:netherite_pickaxe":1,"minecraft:arrow":66,"minecraft:stone_shovel":6,"minecraft:decorated_pot":8,"minecraft:pumpkin_pie":2,"minecraft:peony":1,"minecraft:nether_bricks":39,"minecraft:deepslate_bricks":2,"minecraft:saddle":2,"minecraft:mutton":388,"minecraft:white_wool":264,"minecraft:bone_block":61,"minecraft:oxeye_daisy":3,"minecraft:stripped_oak_log":1,"minecraft:netherite_boots":1,"minecraft:basalt":112,"minecraft:salmon":9,"minecraft:leather":329,"minecraft:oak_log":985,"minecraft:gunpowder":19,"minecraft:golden_boots":1,"minecraft:yellow_bed":2,"minecraft:cobbled_deepslate_stairs":3,"minecraft:cobblestone_wall":11,"minecraft:cobblestone_stairs":27,"minecraft:wooden_hoe":1,"minecraft:white_banner":2,"minecraft:cooked_mutton":39,"minecraft:apple":6,"minecraft:iron_ingot":20,"minecraft:stone_pickaxe":13,"minecraft:cooked_chicken":3,"minecraft:cherry_sign":4,"minecraft:iron_sword":3,"minecraft:book":8,"minecraft:oak_slab":2,"minecraft:pumpkin":18,"minecraft:quartz":72,"minecraft:dandelion":6,"minecraft:gravel":54,"minecraft:amethyst_shard":64,"minecraft:spruce_sapling":18,"minecraft:white_bed":30,"minecraft:spruce_log":157,"minecraft:spider_eye":5,"minecraft:oak_wood":10,"minecraft:slime_ball":16,"minecraft:stone_axe":3,"minecraft:chainmail_leggings":2,"minecraft:iron_helmet":1,"minecraft:diamond_axe":1,"minecraft:painting":1,"minecraft:cherry_sapling":57,"minecraft:gray_wool":5,"minecraft:baked_potato":10,"minecraft:black_wool":8,"minecraft:coal":452},"minecraft:killed_by":{"minecraft:creeper":1,"minecraft:pillager":1,"minecraft:zombie":1}},"DataVersion":3465}