{"stats":{"minecraft:crafted":{"minecraft:bread":39},"minecraft:mined":{"minecraft:grass":19,"minecraft:grass_block":7,"minecraft:tall_grass":3,"minecraft:wheat":118,"minecraft:dandelion":2,"minecraft:oak_wall_sign":1},"minecraft:custom":{"minecraft:time_since_rest":19236,"minecraft:open_chest":5,"minecraft:crouch_one_cm":111,"minecraft:sprint_one_cm":80923,"minecraft:play_time":19236,"minecraft:damage_taken":60,"minecraft:walk_one_cm":56457,"minecraft:sneak_time":327,"minecraft:mob_kills":38,"minecraft:drop":6,"minecraft:jump":714,"minecraft:damage_dealt":2705,"minecraft:leave_game":2,"minecraft:time_since_death":19236,"minecraft:walk_on_water_one_cm":40,"minecraft:total_world_time":19236,"minecraft:interact_with_crafting_table":3,"minecraft:fall_one_cm":22432,"minecraft:fly_one_cm":130864,"minecraft:horse_one_cm":6},"minecraft:dropped":{"minecraft:wheat_seeds":6},"minecraft:used":{"minecraft:wheat_seeds":119,"minecraft:bread":4,"minecraft:oak_sign":1,"minecraft:egg":6},"minecraft:picked_up":{"minecraft:wheat":117,"minecraft:feather":8,"minecraft:chicken":9,"minecraft:oak_sign":1,"minecraft:leather":7,"minecraft:wheat_seeds":325,"minecraft:porkchop":7,"minecraft:beef":16,"minecraft:dirt":7,"minecraft:mutton":32,"minecraft:white_wool":19,"minecraft:egg":6},"minecraft:killed":{"minecraft:sheep":19,"minecraft:pig":2,"minecraft:chicken":9,"minecraft:cow":7}},"DataVersion":3465}