{"stats":{"minecraft:killed":{"minecraft:witch":1,"minecraft:spider":16,"minecraft:skeleton":32,"minecraft:wolf":1,"minecraft:magma_cube":1,"minecraft:piglin":2,"minecraft:pig":40,"minecraft:creeper":6,"minecraft:sheep":17,"minecraft:zombie":71,"minecraft:cow":19,"minecraft:slime":11,"minecraft:horse":1,"minecraft:enderman":4},"minecraft:dropped":{"minecraft:soul_sand":2,"minecraft:birch_planks":3,"minecraft:orange_dye":1,"minecraft:glow_ink_sac":4,"minecraft:cooked_porkchop":1,"minecraft:leather":8,"minecraft:rail":4,"minecraft:flint":4,"minecraft:dirt":13,"minecraft:mutton":5,"minecraft:white_wool":4,"minecraft:gold_ingot":1,"minecraft:bone":4,"minecraft:gravel":21,"minecraft:cobbled_deepslate":136,"minecraft:rotten_flesh":7,"minecraft:gunpowder":1,"minecraft:arrow":5,"minecraft:beef":2,"minecraft:stone_hoe":1,"minecraft:water_bucket":2,"minecraft:wheat_seeds":22,"minecraft:cobblestone":154,"minecraft:granite":8,"minecraft:stick":14,"minecraft:gray_wool":4,"minecraft:diorite":8,"minecraft:iron_leggings":2,"minecraft:string":2,"minecraft:gray_carpet":43,"minecraft:pink_tulip":1,"minecraft:stone_sword":2,"minecraft:raw_copper":10,"minecraft:tuff":33,"minecraft:spruce_planks":1,"minecraft:andesite":6,"minecraft:redstone_torch":1,"minecraft:stone_pickaxe":2,"minecraft:wooden_pickaxe":2},"minecraft:custom":{"minecraft:interact_with_crafting_table":176,"minecraft:open_barrel":2,"minecraft:leave_game":21,"minecraft:time_since_death":196,"minecraft:sprint_one_cm":1538979,"minecraft:damage_blocked_by_shield":5225,"minecraft:drop":74,"minecraft:play_time":850128,"minecraft:deaths":9,"minecraft:jump":12298,"minecraft:walk_on_water_one_cm":45846,"minecraft:interact_with_furnace":137,"minecraft:sleep_in_bed":23,"minecraft:damage_dealt":35893,"minecraft:crouch_one_cm":214105,"minecraft:interact_with_smoker":27,"minecraft:horse_one_cm":3632,"minecraft:mob_kills":228,"minecraft:inspect_hopper":2,"minecraft:fill_cauldron":1,"minecraft:climb_one_cm":24587,"minecraft:walk_one_cm":1105375,"minecraft:sneak_time":79884,"minecraft:walk_under_water_one_cm":38916,"minecraft:boat_one_cm":29950,"minecraft:interact_with_blast_furnace":6,"minecraft:total_world_time":850128,"minecraft:interact_with_stonecutter":3,"minecraft:time_since_rest":226,"minecraft:damage_taken":9831,"minecraft:swim_one_cm":149348,"minecraft:fly_one_cm":2272278,"minecraft:open_chest":288,"minecraft:fall_one_cm":358024},"minecraft:picked_up":{"minecraft:iron_chestplate":2,"minecraft:wheat":21,"minecraft:oak_stairs":28,"minecraft:potion":2,"minecraft:enchanted_book":4,"minecraft:polished_blackstone_brick_stairs":2,"minecraft:string":21,"minecraft:soul_soil":7,"minecraft:raw_copper":17,"minecraft:iron_leggings":3,"minecraft:sticky_piston":3,"minecraft:experience_bottle":6,"minecraft:shroomlight":7,"minecraft:oak_sign":6,"minecraft:gold_nugget":147,"minecraft:cobbled_deepslate":335,"minecraft:spruce_planks":2,"minecraft:white_tulip":1,"minecraft:redstone_torch":1,"minecraft:iron_pickaxe":2,"minecraft:iron_boots":2,"minecraft:furnace":27,"minecraft:stick":36,"minecraft:torch":104,"minecraft:bamboo_slab":5,"minecraft:porkchop":98,"minecraft:diorite":20,"minecraft:bamboo_door":1,"minecraft:cauldron":1,"minecraft:bamboo_block":106,"minecraft:rotten_flesh":66,"minecraft:cobblestone":900,"minecraft:birch_log":26,"minecraft:leather_chestplate":1,"minecraft:feather":1,"minecraft:cooked_beef":8,"minecraft:water_bucket":2,"minecraft:andesite":31,"minecraft:smoker":8,"minecraft:flint":4,"minecraft:tuff":56,"minecraft:lapis_lazuli":100,"minecraft:dirt":1014,"minecraft:disc_fragment_5":2,"minecraft:stripped_bamboo_block":6,"minecraft:bone":27,"minecraft:bow":1,"minecraft:wheat_seeds":95,"minecraft:raw_gold":72,"minecraft:rabbit":1,"minecraft:bamboo":2694,"minecraft:moss_block":1,"minecraft:oak_planks":39,"minecraft:bamboo_mosaic_slab":7,"minecraft:cooked_porkchop":73,"minecraft:warped_wart_block":1,"minecraft:bamboo_raft":2,"minecraft:stripped_spruce_log":8,"minecraft:spectral_arrow":8,"minecraft:diamond":10,"minecraft:granite":14,"minecraft:golden_apple":2,"minecraft:bread":10,"minecraft:oak_sapling":35,"minecraft:netherrack":70,"minecraft:crafting_table":23,"minecraft:azure_bluet":2,"minecraft:wooden_pickaxe":1,"minecraft:diorite_slab":1,"minecraft:shield":2,"minecraft:cornflower":2,"minecraft:moss_carpet":1,"minecraft:blackstone":6,"minecraft:echo_shard":2,"minecraft:beef":45,"minecraft:light_gray_wool":2,"minecraft:poppy":4,"minecraft:spruce_slab":39,"minecraft:diamond_hoe":2,"minecraft:egg":9,"minecraft:raw_iron":494,"minecraft:oak_door":1,"minecraft:bamboo_hanging_sign":12,"minecraft:polished_blackstone_bricks":5,"minecraft:carrot":2,"minecraft:redstone":179,"minecraft:arrow":38,"minecraft:shears":2,"minecraft:deepslate_bricks":2,"minecraft:pink_tulip":1,"minecraft:saddle":1,"minecraft:ward_armor_trim_smithing_template":2,"minecraft:mutton":25,"minecraft:rail":4,"minecraft:white_wool":16,"minecraft:oxeye_daisy":2,"minecraft:stripped_oak_log":60,"minecraft:glow_ink_sac":8,"minecraft:leather":27,"minecraft:birch_planks":3,"minecraft:oak_log":292,"minecraft:gunpowder":1,"minecraft:cooked_mutton":8,"minecraft:stone_bricks":3,"minecraft:apple":1,"minecraft:gray_carpet":45,"minecraft:warped_stem":247,"minecraft:stone_pickaxe":1,"minecraft:rabbit_hide":1,"minecraft:iron_ingot":2,"minecraft:soul_sand":16,"minecraft:iron_sword":2,"minecraft:book":18,"minecraft:scaffolding":94,"minecraft:bamboo_fence":2,"minecraft:bamboo_planks":6,"minecraft:quartz":10,"minecraft:dandelion":19,"minecraft:raw_iron_block":1,"minecraft:gravel":41,"minecraft:amethyst_shard":12,"minecraft:spruce_sapling":4,"minecraft:white_bed":8,"minecraft:spruce_log":101,"minecraft:crying_obsidian":2,"minecraft:spider_eye":4,"minecraft:bamboo_trapdoor":3,"minecraft:slime_ball":16,"minecraft:stone_axe":2,"minecraft:iron_helmet":2,"minecraft:gray_wool":109,"minecraft:warped_roots":1,"minecraft:coal":210,"minecraft:ender_pearl":2},"minecraft:broken":{"minecraft:stone_pickaxe":3,"minecraft:stone_axe":1,"minecraft:iron_sword":1,"minecraft:stone_shovel":6,"minecraft:stone_sword":1,"minecraft:iron_axe":3,"minecraft:iron_pickaxe":4,"minecraft:golden_pickaxe":1},"minecraft:used":{"minecraft:moss_block":1,"minecraft:moss_carpet":1,"minecraft:spruce_slab":190,"minecraft:ladder":3,"minecraft:oak_sign":20,"minecraft:chest":18,"minecraft:shield":130,"minecraft:stone":1,"minecraft:iron_sword":478,"minecraft:rotten_flesh":19,"minecraft:iron_chestplate":3,"minecraft:soul_sand":7,"minecraft:tuff":17,"minecraft:stripped_spruce_log":8,"minecraft:iron_helmet":2,"minecraft:stone_bricks":53,"minecraft:birch_button":1,"minecraft:sweet_berries":4,"minecraft:scaffolding":94,"minecraft:oak_sapling":35,"minecraft:furnace":29,"minecraft:egg":8,"minecraft:deepslate_brick_wall":15,"minecraft:bamboo_trapdoor":47,"minecraft:diorite":2,"minecraft:stone_pickaxe":675,"minecraft:gray_carpet":2,"minecraft:oak_planks":28,"minecraft:blackstone":1,"minecraft:ender_pearl":1,"minecraft:wooden_pickaxe":9,"minecraft:shears":74,"minecraft:bread":16,"minecraft:string":2,"minecraft:andesite":12,"minecraft:bamboo_mosaic_slab":12,"minecraft:bone_meal":60,"minecraft:golden_pickaxe":38,"minecraft:experience_bottle":3,"minecraft:stone_sword":318,"minecraft:stone_shovel":916,"minecraft:spruce_planks":25,"minecraft:stone_hoe":125,"minecraft:bamboo_door":3,"minecraft:netherrack":260,"minecraft:oak_door":2,"minecraft:torch":152,"minecraft:dirt":667,"minecraft:salmon_bucket":1,"minecraft:spruce_fence":3,"minecraft:granite":6,"minecraft:iron_hoe":1,"minecraft:bamboo_raft":2,"minecraft:bamboo_fence":10,"minecraft:iron_axe":1007,"minecraft:oak_stairs":90,"minecraft:bamboo_hanging_sign":16,"minecraft:iron_boots":2,"minecraft:bamboo":69,"minecraft:beef":3,"minecraft:cooked_beef":24,"minecraft:cobbled_deepslate":126,"minecraft:bamboo_planks":10,"minecraft:iron_leggings":1,"minecraft:wheat_seeds":22,"minecraft:cooked_mutton":21,"minecraft:chiseled_bookshelf":5,"minecraft:water_bucket":78,"minecraft:warped_stem":2,"minecraft:birch_planks":8,"minecraft:cauldron":2,"minecraft:stonecutter":1,"minecraft:deepslate_bricks":17,"minecraft:crafting_table":29,"minecraft:bamboo_block":6,"minecraft:white_bed":9,"minecraft:smoker":13,"minecraft:spruce_log":77,"minecraft:oak_log":232,"minecraft:apple":1,"minecraft:iron_pickaxe":1286,"minecraft:bamboo_slab":7,"minecraft:spruce_sapling":4,"minecraft:stone_axe":273,"minecraft:cobblestone":500,"minecraft:porkchop":1,"minecraft:cooked_porkchop":58,"minecraft:bucket":82,"minecraft:stripped_oak_log":52,"minecraft:dandelion":1,"minecraft:gray_wool":105},"minecraft:killed_by":{"minecraft:zombie":2,"minecraft:spider":1,"minecraft:skeleton":1},"minecraft:mined":{"minecraft:spruce_planks":1,"minecraft:white_bed":8,"minecraft:oak_sapling":5,"minecraft:sculk_vein":13,"minecraft:granite":14,"minecraft:grass_block":802,"minecraft:deepslate_bricks":2,"minecraft:soul_soil":7,"minecraft:oak_wall_sign":3,"minecraft:polished_blackstone_bricks":5,"minecraft:bamboo_wall_hanging_sign":1,"minecraft:raw_iron_block":1,"minecraft:sculk_catalyst":2,"minecraft:fire":1,"minecraft:sticky_piston":1,"minecraft:iron_ore":137,"minecraft:cobbled_deepslate":3,"minecraft:moss_carpet":1,"minecraft:deepslate_lapis_ore":8,"minecraft:sculk_shrieker":1,"minecraft:oak_sign":2,"minecraft:dirt_path":3,"minecraft:oak_stairs":28,"minecraft:pink_tulip":1,"minecraft:stripped_bamboo_block":6,"minecraft:spruce_slab":38,"minecraft:tripwire":2,"minecraft:bamboo_slab":3,"minecraft:deepslate_redstone_ore":20,"minecraft:blackstone":6,"minecraft:smoker":8,"minecraft:soul_fire":6,"minecraft:powder_snow":8,"minecraft:torch":44,"minecraft:poppy":2,"minecraft:nether_quartz_ore":10,"minecraft:cobblestone":97,"minecraft:oak_planks":7,"minecraft:wall_torch":44,"minecraft:cauldron":1,"minecraft:warped_nylium":2,"minecraft:bamboo_planks":6,"minecraft:birch_log":26,"minecraft:wheat":61,"minecraft:grass":112,"minecraft:oak_log":294,"minecraft:dirt":213,"minecraft:bamboo_hanging_sign":11,"minecraft:netherrack":82,"minecraft:oak_leaves":261,"minecraft:deepslate":275,"minecraft:nether_gold_ore":37,"minecraft:diamond_ore":2,"minecraft:tuff":59,"minecraft:deepslate_diamond_ore":2,"minecraft:bamboo_fence":2,"minecraft:bamboo_door":1,"minecraft:chiseled_bookshelf":1,"minecraft:redstone_wire":1,"minecraft:moss_block":1,"minecraft:diorite_slab":2,"minecraft:furnace":19,"minecraft:andesite":31,"minecraft:stripped_spruce_log":8,"minecraft:shroomlight":7,"minecraft:deepslate_iron_ore":112,"minecraft:rail":1,"minecraft:warped_stem":247,"minecraft:stripped_oak_log":60,"minecraft:bamboo_sapling":1,"minecraft:bamboo":308,"minecraft:white_tulip":1,"minecraft:stone":772,"minecraft:scaffolding":32,"minecraft:glass_pane":2,"minecraft:soul_sand":9,"minecraft:dandelion":8,"minecraft:bamboo_mosaic_slab":7,"minecraft:crafting_table":22,"minecraft:warped_roots":1,"minecraft:sculk_sensor":4,"minecraft:copper_ore":4,"minecraft:tall_grass":29,"minecraft:deepslate_coal_ore":1,"minecraft:deepslate_gold_ore":38,"minecraft:lapis_ore":2,"minecraft:polished_blackstone_brick_stairs":2,"minecraft:sculk":118,"minecraft:diorite":16,"minecraft:warped_wart_block":1,"minecraft:gray_wool":110,"minecraft:bamboo_trapdoor":3,"minecraft:spruce_log":102,"minecraft:birch_leaves":6,"minecraft:bee_nest":1,"minecraft:coal_ore":152,"minecraft:gravel":25,"minecraft:gray_carpet":45,"minecraft:stone_bricks":3,"minecraft:gold_ore":7},"minecraft:crafted":{"minecraft:yellow_wool":4,"minecraft:oak_planks":256,"minecraft:oak_sign":15,"minecraft:stone":119,"minecraft:bamboo_door":3,"minecraft:cooked_mutton":64,"minecraft:warped_planks":8,"minecraft:bamboo_block":299,"minecraft:iron_boots":3,"minecraft:chest":18,"minecraft:birch_button":1,"minecraft:stone_hoe":1,"minecraft:golden_boots":1,"minecraft:bamboo_raft":1,"minecraft:smoker":5,"minecraft:cauldron":1,"minecraft:cooked_porkchop":29,"minecraft:crafting_table":11,"minecraft:spruce_planks":108,"minecraft:wooden_pickaxe":2,"minecraft:iron_helmet":3,"minecraft:golden_pickaxe":2,"minecraft:birch_planks":24,"minecraft:bamboo_planks":374,"minecraft:iron_chestplate":3,"minecraft:yellow_dye":7,"minecraft:shield":5,"minecraft:stick":119,"minecraft:iron_ingot":128,"minecraft:iron_pickaxe":7,"minecraft:stone_sword":6,"minecraft:gold_ingot":16,"minecraft:shears":1,"minecraft:oak_door":3,"minecraft:raw_iron":9,"minecraft:stone_shovel":7,"minecraft:bamboo_mosaic":6,"minecraft:bamboo_fence":12,"minecraft:furnace":19,"minecraft:yellow_bed":1,"minecraft:bone_meal":60,"minecraft:spruce_fence":3,"minecraft:orange_wool":3,"minecraft:scaffolding":18,"minecraft:deepslate_brick_wall":4,"minecraft:iron_axe":5,"minecraft:bamboo_hanging_sign":6,"minecraft:ladder":3,"minecraft:iron_hoe":1,"minecraft:spruce_slab":90,"minecraft:stone_pickaxe":7,"minecraft:chiseled_bookshelf":5,"minecraft:bamboo_mosaic_slab":12,"minecraft:cooked_beef":16,"minecraft:red_dye":2,"minecraft:iron_sword":5,"minecraft:bucket":3,"minecraft:stone_axe":5,"minecraft:orange_dye":4,"minecraft:bread":6,"minecraft:air":0,"minecraft:bamboo_slab":30,"minecraft:oak_stairs":64,"minecraft:iron_leggings":3,"minecraft:stonecutter":1,"minecraft:white_bed":2,"minecraft:orange_bed":1,"minecraft:torch":68,"minecraft:bamboo_trapdoor":44}},"DataVersion":3465}