{"stats":{"minecraft:custom":{"minecraft:interact_with_crafting_table":268,"minecraft:bell_ring":325,"minecraft:leave_game":73,"minecraft:time_since_death":2290805,"minecraft:damage_blocked_by_shield":5098,"minecraft:play_time":3119690,"minecraft:deaths":5,"minecraft:jump":54816,"minecraft:enchant_item":72,"minecraft:interact_with_furnace":189,"minecraft:traded_with_villager":2334,"minecraft:interact_with_cartography_table":5,"minecraft:sleep_in_bed":38,"minecraft:damage_dealt":512049,"minecraft:interact_with_smoker":13,"minecraft:horse_one_cm":246141,"minecraft:interact_with_smithing_table":1,"minecraft:interact_with_anvil":28,"minecraft:inspect_hopper":41,"minecraft:sneak_time":147420,"minecraft:interact_with_blast_furnace":23,"minecraft:total_world_time":3119690,"minecraft:time_since_rest":82740,"minecraft:swim_one_cm":3750726,"minecraft:fly_one_cm":15441055,"minecraft:open_chest":2258,"minecraft:fall_one_cm":1698869,"minecraft:animals_bred":4,"minecraft:open_shulker_box":170,"minecraft:sprint_one_cm":6022575,"minecraft:drop":1806,"minecraft:talked_to_villager":1363,"minecraft:interact_with_brewingstand":6,"minecraft:walk_on_water_one_cm":976052,"minecraft:open_enderchest":156,"minecraft:crouch_one_cm":535107,"minecraft:mob_kills":9647,"minecraft:climb_one_cm":450412,"minecraft:walk_one_cm":5154891,"minecraft:raid_win":17,"minecraft:walk_under_water_one_cm":1264298,"minecraft:boat_one_cm":2573201,"minecraft:raid_trigger":20,"minecraft:interact_with_grindstone":35,"minecraft:damage_taken":38357,"minecraft:aviate_one_cm":20926073},"minecraft:killed_by":{"minecraft:ravager":1,"minecraft:vex":1,"minecraft:drowned":1},"minecraft:used":{"minecraft:beetroot":4,"minecraft:spruce_slab":136,"minecraft:elytra":34,"minecraft:ladder":111,"minecraft:poppy":3,"minecraft:chest":47,"minecraft:stone":64,"minecraft:soul_sand":33,"minecraft:azure_bluet":1,"minecraft:snowball":69,"minecraft:stripped_spruce_log":1,"minecraft:spruce_boat":17,"minecraft:lava_bucket":61,"minecraft:grass_block":33,"minecraft:dark_oak_slab":24,"minecraft:bow":114,"minecraft:dark_oak_boat":7,"minecraft:sweet_berries":6,"minecraft:oak_sapling":2,"minecraft:furnace":8,"minecraft:egg":52,"minecraft:potato":29,"minecraft:seagrass":4,"minecraft:diorite":23,"minecraft:damaged_anvil":1,"minecraft:spruce_door":3,"minecraft:wooden_pickaxe":2,"minecraft:composter":40,"minecraft:purpur_pillar":1,"minecraft:dark_oak_trapdoor":33,"minecraft:sand":55,"minecraft:blast_furnace":3,"minecraft:lectern":219,"minecraft:diamond_sword":5409,"minecraft:wooden_sword":1,"minecraft:smithing_table":12,"minecraft:oak_boat":41,"minecraft:diorite_stairs":5,"minecraft:oak_trapdoor":70,"minecraft:stone_sword":87,"minecraft:carved_pumpkin":1,"minecraft:armor_stand":7,"minecraft:netherrack":1844,"minecraft:torch":286,"minecraft:brewing_stand":4,"minecraft:polished_diorite":95,"minecraft:chipped_anvil":1,"minecraft:iron_block":4,"minecraft:iron_axe":494,"minecraft:totem_of_undying":7,"minecraft:diamond_chestplate":32,"minecraft:beef":3,"minecraft:cobbled_deepslate":91,"minecraft:pointed_dripstone":1,"minecraft:wheat_seeds":2391,"minecraft:water_bucket":1317,"minecraft:birch_planks":41,"minecraft:cartography_table":22,"minecraft:cherry_planks":32,"minecraft:fletching_table":16,"minecraft:cracked_stone_bricks":2,"minecraft:mossy_cobblestone":1,"minecraft:oak_slab":4,"minecraft:crafting_table":37,"minecraft:white_bed":128,"minecraft:spruce_log":128,"minecraft:diamond_pickaxe":13546,"minecraft:diamond_shovel":7915,"minecraft:iron_pickaxe":2525,"minecraft:spruce_trapdoor":31,"minecraft:spruce_sapling":8,"minecraft:cobblestone":3683,"minecraft:potion":6,"minecraft:cooked_porkchop":314,"minecraft:glass_pane":15,"minecraft:kelp":147,"minecraft:dandelion":8,"minecraft:diamond_leggings":1,"minecraft:iron_shovel":515,"minecraft:diamond_hoe":46,"minecraft:oak_sign":29,"minecraft:decorated_pot":1,"minecraft:shield":91,"minecraft:iron_sword":1005,"minecraft:bell":24,"minecraft:spruce_leaves":1,"minecraft:jungle_planks":40,"minecraft:carrot":33,"minecraft:milk_bucket":8,"minecraft:obsidian":113,"minecraft:glass":104,"minecraft:lantern":18,"minecraft:light_blue_bed":2,"minecraft:stone_bricks":369,"minecraft:deepslate_diamond_ore":9,"minecraft:scaffolding":175,"minecraft:beetroot_seeds":8,"minecraft:polished_diorite_stairs":5,"minecraft:golden_boots":1,"minecraft:diamond_boots":2,"minecraft:dark_oak_sign":1,"minecraft:stone_pickaxe":43,"minecraft:oak_planks":136,"minecraft:ender_pearl":48,"minecraft:diamond_axe":1634,"minecraft:sugar_cane":9,"minecraft:crossbow":208,"minecraft:dripstone_block":4,"minecraft:end_stone":478,"minecraft:shears":1,"minecraft:firework_rocket":321,"minecraft:bread":449,"minecraft:deepslate":352,"minecraft:gravel":50,"minecraft:grindstone":1,"minecraft:andesite":3,"minecraft:air":4,"minecraft:experience_bottle":29,"minecraft:cherry_boat":27,"minecraft:oak_fence":22,"minecraft:purpur_block":12,"minecraft:trident":1541,"minecraft:flint_and_steel":30,"minecraft:stone_shovel":3,"minecraft:spruce_planks":73,"minecraft:ender_chest":31,"minecraft:sculk":20,"minecraft:oak_door":12,"minecraft:dirt":895,"minecraft:white_carpet":3,"minecraft:hopper":14,"minecraft:shulker_box":47,"minecraft:spruce_fence":312,"minecraft:granite":14,"minecraft:iron_hoe":345,"minecraft:stone_brick_slab":117,"minecraft:dark_oak_planks":21,"minecraft:bookshelf":29,"minecraft:cherry_trapdoor":5,"minecraft:iron_boots":1,"minecraft:soul_soil":4,"minecraft:stone_pressure_plate":1,"minecraft:cooked_beef":18,"minecraft:turtle_egg":1,"minecraft:light_gray_bed":1,"minecraft:cobblestone_stairs":6,"minecraft:snow_block":5,"minecraft:glass_bottle":8,"minecraft:baked_potato":63,"minecraft:cut_sandstone":2,"minecraft:spruce_sign":7,"minecraft:cobblestone_slab":993,"minecraft:stone_slab":527,"minecraft:stone_axe":114,"minecraft:fishing_rod":14,"minecraft:white_banner":16,"minecraft:bucket":1379,"minecraft:gray_wool":1,"minecraft:splash_potion":1,"minecraft:soul_torch":6},"minecraft:killed":{"minecraft:cod":19,"minecraft:shulker":29,"minecraft:skeleton":89,"minecraft:guardian":2,"minecraft:chicken":30,"minecraft:salmon":5,"minecraft:pillager":2305,"minecraft:donkey":2,"minecraft:zombie":113,"minecraft:cow":38,"minecraft:evoker":14,"minecraft:vindicator":103,"minecraft:horse":10,"minecraft:ravager":13,"minecraft:enderman":44,"minecraft:zombified_piglin":5785,"minecraft:witch":55,"minecraft:spider":32,"minecraft:piglin_brute":1,"minecraft:piglin":6,"minecraft:pig":108,"minecraft:creeper":34,"minecraft:sheep":42,"minecraft:trader_llama":2,"minecraft:ghast":10,"minecraft:blaze":1,"minecraft:vex":13,"minecraft:drowned":15,"minecraft:wither_skeleton":4,"minecraft:villager":1},"minecraft:dropped":{"minecraft:porkchop":11,"minecraft:lapis_lazuli":7,"minecraft:cooked_beef":94,"minecraft:chorus_fruit":3,"minecraft:crafting_table":1,"minecraft:cooked_porkchop":45,"minecraft:dark_oak_slab":31,"minecraft:crossbow":182,"minecraft:cracked_stone_bricks":2,"minecraft:saddle":3,"minecraft:item_frame":1,"minecraft:emerald":2,"minecraft:dirt":1272,"minecraft:dark_oak_fence":1,"minecraft:netherite_boots":1,"minecraft:gold_nugget":757,"minecraft:wooden_sword":1,"minecraft:sand":2,"minecraft:sugar":4,"minecraft:dark_oak_planks":25,"minecraft:fishing_rod":1,"minecraft:white_wool":12,"minecraft:bone":64,"minecraft:oak_door":3,"minecraft:stone_axe":4,"minecraft:cherry_boat":1,"minecraft:iron_nugget":11,"minecraft:cobbled_deepslate":1,"minecraft:netherite_sword":1,"minecraft:wheat":15,"minecraft:rotten_flesh":4536,"minecraft:oak_planks":77,"minecraft:enchanted_golden_apple":2,"minecraft:glowstone_dust":5,"minecraft:azure_bluet":1,"minecraft:white_bed":1,"minecraft:salmon":1,"minecraft:tipped_arrow":1,"minecraft:charcoal":64,"minecraft:ladder":27,"minecraft:spruce_slab":1,"minecraft:end_stone_bricks":2,"minecraft:glass":17,"minecraft:beef":24,"minecraft:enchanted_book":7,"minecraft:egg":2,"minecraft:iron_ingot":35,"minecraft:golden_boots":2,"minecraft:wheat_seeds":626,"minecraft:sculk_shrieker":1,"minecraft:deepslate_redstone_ore":1,"minecraft:netherite_helmet":1,"minecraft:netherite_chestplate":1,"minecraft:feather":29,"minecraft:oak_fence":1,"minecraft:book":8,"minecraft:cobblestone":394,"minecraft:apple":3,"minecraft:granite":16,"minecraft:spruce_door":3,"minecraft:chainmail_helmet":2,"minecraft:coal":94,"minecraft:golden_apple":64,"minecraft:oxeye_daisy":2,"minecraft:sculk":11,"minecraft:cherry_planks":2,"minecraft:potion":1,"minecraft:white_banner":201,"minecraft:chainmail_leggings":1,"minecraft:paper":16,"minecraft:string":22,"minecraft:spruce_sapling":26,"minecraft:snow_block":5,"minecraft:furnace":2,"minecraft:soul_soil":44,"minecraft:stone_sword":1,"minecraft:deepslate":73,"minecraft:stone_shovel":2,"minecraft:chicken":24,"minecraft:stone_slab":642,"minecraft:pumpkin_seeds":4,"minecraft:diamond_sword":4,"minecraft:cobblestone_slab":1,"minecraft:potato":4,"minecraft:stone":186,"minecraft:spruce_boat":1,"minecraft:spruce_planks":8,"minecraft:stone_bricks":112,"minecraft:spider_eye":3,"minecraft:bow":5,"minecraft:magma_block":2,"minecraft:dark_prismarine":5,"minecraft:soul_sand":62,"minecraft:birch_planks":18,"minecraft:dark_oak_stairs":8,"minecraft:oak_log":25,"minecraft:baked_potato":1,"minecraft:leather":63,"minecraft:dark_oak_log":12,"minecraft:packed_ice":3,"minecraft:cornflower":4,"minecraft:mutton":15,"minecraft:seagrass":25,"minecraft:snowball":40,"minecraft:gilded_blackstone":1,"minecraft:pumpkin_pie":1,"minecraft:polished_blackstone_bricks":2,"minecraft:gold_ingot":7,"minecraft:gravel":19,"minecraft:purpur_block":6,"minecraft:prismarine":1,"minecraft:cooked_mutton":50,"minecraft:chainmail_chestplate":2,"minecraft:poppy":3,"minecraft:leather_chestplate":6,"minecraft:trident":2,"minecraft:gunpowder":21,"minecraft:iron_ore":1,"minecraft:arrow":175,"minecraft:prismarine_bricks":9,"minecraft:quartz":44,"minecraft:netherrack":443,"minecraft:stone_hoe":2,"minecraft:bread":200,"minecraft:oak_slab":17,"minecraft:golden_helmet":1,"minecraft:cherry_log":2,"minecraft:mossy_cobblestone":4,"minecraft:netherite_axe":2,"minecraft:grass_block":402,"minecraft:stick":27,"minecraft:milk_bucket":1,"minecraft:diorite":93,"minecraft:nether_gold_ore":3,"minecraft:torch":37,"minecraft:map":5,"minecraft:iron_axe":3,"minecraft:cactus":1,"minecraft:dandelion":2,"minecraft:redstone":7,"minecraft:kelp":4,"minecraft:sweet_berries":10,"minecraft:coarse_dirt":1,"minecraft:raw_copper":5,"minecraft:tuff":4,"minecraft:totem_of_undying":15,"minecraft:glass_pane":4,"minecraft:netherite_leggings":2,"minecraft:filled_map":3,"minecraft:snow":3,"minecraft:shield":2,"minecraft:diamond_chestplate":1,"minecraft:andesite":9,"minecraft:mossy_stone_bricks":4,"minecraft:oak_boat":5,"minecraft:golden_sword":766,"minecraft:spruce_log":1,"minecraft:stone_pickaxe":3,"minecraft:wooden_pickaxe":1,"minecraft:magma_cream":1,"minecraft:nautilus_shell":1},"minecraft:crafted":{"minecraft:oak_sign":21,"minecraft:diorite_stairs":4,"minecraft:diamond_shovel":2,"minecraft:bookshelf":30,"minecraft:shulker_box":5,"minecraft:glass":2700,"minecraft:diamond_helmet":1,"minecraft:diamond_leggings":1,"minecraft:birch_door":12,"minecraft:emerald":1433,"minecraft:diamond_axe":1,"minecraft:spruce_door":3,"minecraft:smithing_table":2,"minecraft:fletching_table":2,"minecraft:cartography_table":2,"minecraft:stone_slab":1154,"minecraft:iron_pickaxe":16,"minecraft:iron_block":4,"minecraft:gold_ingot":1263,"minecraft:composter":5,"minecraft:stone_shovel":1,"minecraft:iron_nugget":81,"minecraft:experience_bottle":19,"minecraft:spruce_fence":255,"minecraft:white_carpet":3,"minecraft:cherry_trapdoor":2,"minecraft:lantern":24,"minecraft:polished_diorite":100,"minecraft:ladder":39,"minecraft:spruce_slab":114,"minecraft:stone_pickaxe":1,"minecraft:diamond_boots":1,"minecraft:spruce_boat":4,"minecraft:dark_oak_planks":208,"minecraft:wheat":450,"minecraft:crossbow":16,"minecraft:glowstone":3,"minecraft:enchanted_book":15,"minecraft:golden_apple":129,"minecraft:fermented_spider_eye":1,"minecraft:iron_shovel":8,"minecraft:iron_leggings":1,"minecraft:white_bed":2,"minecraft:grindstone":2,"minecraft:oak_planks":577,"minecraft:cobblestone_slab":1164,"minecraft:cherry_boat":4,"minecraft:stone":480,"minecraft:hopper":7,"minecraft:stone_brick_slab":108,"minecraft:bow":1,"minecraft:iron_boots":2,"minecraft:chest":35,"minecraft:stone_bricks":480,"minecraft:oak_fence":12,"minecraft:arrow":240,"minecraft:crafting_table":20,"minecraft:spruce_planks":1436,"minecraft:wooden_pickaxe":1,"minecraft:baked_potato":63,"minecraft:iron_helmet":2,"minecraft:brewing_stand":2,"minecraft:birch_planks":28,"minecraft:apple":192,"minecraft:spruce_trapdoor":20,"minecraft:dark_oak_slab":18,"minecraft:iron_chestplate":2,"minecraft:paper":702,"minecraft:diamond_pickaxe":3,"minecraft:charcoal":64,"minecraft:shield":10,"minecraft:stick":1832,"minecraft:iron_ingot":119,"minecraft:stone_sword":1,"minecraft:snow_block":5,"minecraft:polished_diorite_stairs":4,"minecraft:shears":2,"minecraft:cherry_planks":284,"minecraft:wooden_sword":1,"minecraft:oak_door":9,"minecraft:fishing_rod":1,"minecraft:furnace":7,"minecraft:dark_oak_trapdoor":30,"minecraft:oak_trapdoor":54,"minecraft:glass_pane":6848,"minecraft:flint_and_steel":4,"minecraft:scaffolding":168,"minecraft:iron_axe":8,"minecraft:iron_hoe":3,"minecraft:netherite_scrap":3,"minecraft:diamond_sword":2,"minecraft:spruce_sign":3,"minecraft:iron_sword":7,"minecraft:bucket":4,"minecraft:stone_axe":10,"minecraft:bread":555,"minecraft:air":0,"minecraft:jungle_planks":144,"minecraft:oak_boat":9,"minecraft:torch":136,"minecraft:lapis_lazuli":44,"minecraft:diamond_chestplate":1,"minecraft:firework_rocket":576},"minecraft:picked_up":{"minecraft:seagrass":34,"minecraft:iron_chestplate":2,"minecraft:stone_slab":23,"minecraft:smithing_table":11,"minecraft:lead":2,"minecraft:diamond_sword":4,"minecraft:enchanted_book":9,"minecraft:brewing_stand":3,"minecraft:golden_sword":673,"minecraft:music_disc_cat":1,"minecraft:string":23,"minecraft:dark_oak_trapdoor":37,"minecraft:soul_soil":72,"minecraft:sculk_shrieker":6,"minecraft:beetroot":4,"minecraft:cherry_boat":27,"minecraft:diamond_leggings":2,"minecraft:gold_nugget":8697,"minecraft:cobbled_deepslate":94,"minecraft:spruce_planks":18,"minecraft:enchanted_golden_apple":3,"minecraft:golden_helmet":1,"minecraft:composter":37,"minecraft:purpur_pillar":1,"minecraft:cherry_log":15,"minecraft:light_gray_bed":1,"minecraft:carved_pumpkin":1,"minecraft:netherite_chestplate":1,"minecraft:snowball":92,"minecraft:birch_log":7,"minecraft:magma_block":2,"minecraft:feather":43,"minecraft:cooked_beef":144,"minecraft:water_bucket":5,"minecraft:jungle_log":36,"minecraft:dark_oak_boat":7,"minecraft:flint":11,"minecraft:map":7,"minecraft:netherite_leggings":2,"minecraft:disc_fragment_5":3,"minecraft:chipped_anvil":1,"minecraft:dark_oak_sign":1,"minecraft:glowstone_dust":10,"minecraft:stripped_spruce_log":1,"minecraft:dark_oak_log":96,"minecraft:blue_terracotta":1,"minecraft:deepslate":436,"minecraft:granite":85,"minecraft:spruce_button":2,"minecraft:bread":175,"minecraft:chainmail_helmet":2,"minecraft:dark_oak_fence":25,"minecraft:crafting_table":22,"minecraft:spruce_leaves":1,"minecraft:coarse_dirt":1,"minecraft:dragon_head":3,"minecraft:purpur_block":20,"minecraft:cornflower":5,"minecraft:elytra":3,"minecraft:flint_and_steel":1,"minecraft:snow":3,"minecraft:compass":3,"minecraft:iron_shovel":3,"minecraft:glass_pane":3,"minecraft:cracked_stone_bricks":4,"minecraft:cartography_table":23,"minecraft:netherite_sword":1,"minecraft:deepslate_diamond_ore":16,"minecraft:beef":27,"minecraft:poppy":7,"minecraft:spruce_slab":48,"minecraft:chest":35,"minecraft:egg":54,"minecraft:stone":1048,"minecraft:oak_door":11,"minecraft:spruce_fence":141,"minecraft:carrot":214,"minecraft:redstone":12,"minecraft:tnt":9,"minecraft:diamond_chestplate":1,"minecraft:stone_shovel":2,"minecraft:decorated_pot":1,"minecraft:beetroot_seeds":8,"minecraft:hay_block":82,"minecraft:gold_ingot":260,"minecraft:totem_of_undying":24,"minecraft:glow_berries":17,"minecraft:mutton":16,"minecraft:white_wool":29,"minecraft:oxeye_daisy":2,"minecraft:oak_log":142,"minecraft:golden_boots":1,"minecraft:diorite_stairs":5,"minecraft:paper":12,"minecraft:white_banner":281,"minecraft:apple":3,"minecraft:stone_bricks":173,"minecraft:kelp":220,"minecraft:oak_fence_gate":1,"minecraft:stone_pickaxe":3,"minecraft:iron_ore":16,"minecraft:glass_bottle":6,"minecraft:iron_sword":2,"minecraft:dark_oak_stairs":32,"minecraft:dark_oak_slab":76,"minecraft:sweet_berries":16,"minecraft:sculk":37,"minecraft:gravel":120,"minecraft:spruce_sapling":40,"minecraft:spruce_log":569,"minecraft:coal_ore":22,"minecraft:polished_diorite":6,"minecraft:stone_axe":4,"minecraft:deepslate_redstone_ore":1,"minecraft:gray_wool":1,"minecraft:baked_potato":1,"minecraft:hopper":9,"minecraft:ender_pearl":72,"minecraft:shulker_shell":10,"minecraft:wheat":1917,"minecraft:ender_chest":34,"minecraft:turtle_egg":4,"minecraft:potion":2,"minecraft:raw_copper":39,"minecraft:armor_stand":8,"minecraft:iron_leggings":5,"minecraft:experience_bottle":3,"minecraft:oak_sign":12,"minecraft:bucket":2,"minecraft:cobblestone_slab":80,"minecraft:iron_pickaxe":3,"minecraft:iron_boots":2,"minecraft:furnace":5,"minecraft:tipped_arrow":1,"minecraft:stick":66,"minecraft:oak_fence":34,"minecraft:torch":239,"minecraft:spruce_stairs":1,"minecraft:porkchop":11,"minecraft:snow_block":5,"minecraft:pointed_dripstone":1,"minecraft:diorite":390,"minecraft:nether_gold_ore":3,"minecraft:cactus":1,"minecraft:rotten_flesh":8863,"minecraft:obsidian":155,"minecraft:cod":19,"minecraft:cobblestone":4540,"minecraft:nautilus_shell":1,"minecraft:leather_chestplate":6,"minecraft:cherry_planks":98,"minecraft:andesite":122,"minecraft:potato":170,"minecraft:tuff":109,"minecraft:prismarine_bricks":9,"minecraft:silence_armor_trim_smithing_template":1,"minecraft:dirt":3472,"minecraft:lapis_lazuli":12,"minecraft:glass":15,"minecraft:bone":198,"minecraft:bow":9,"minecraft:wheat_seeds":5320,"minecraft:bell":25,"minecraft:netherite_axe":2,"minecraft:fletching_table":14,"minecraft:mossy_stone_bricks":4,"minecraft:prismarine":1,"minecraft:oak_planks":131,"minecraft:stone_hoe":2,"minecraft:ghast_tear":5,"minecraft:cooked_porkchop":431,"minecraft:sand":90,"minecraft:grass_block":434,"minecraft:shulker_box":47,"minecraft:mossy_cobblestone":17,"minecraft:dark_prismarine":5,"minecraft:sugar":7,"minecraft:diamond":34,"minecraft:spruce_boat":15,"minecraft:netherite_helmet":1,"minecraft:crossbow":206,"minecraft:spruce_sign":5,"minecraft:emerald":118,"minecraft:oak_sapling":5,"minecraft:chorus_fruit":3,"minecraft:netherrack":3564,"minecraft:end_stone_bricks":7,"minecraft:azure_bluet":2,"minecraft:chicken":24,"minecraft:ladder":230,"minecraft:packed_ice":3,"minecraft:brown_mushroom":7,"minecraft:gold_block":12,"minecraft:diamond_horse_armor":3,"minecraft:shield":5,"minecraft:oak_trapdoor":25,"minecraft:iron_axe":9,"minecraft:item_frame":1,"minecraft:candle":4,"minecraft:echo_shard":11,"minecraft:oak_boat":43,"minecraft:lectern":219,"minecraft:sugar_cane":642,"minecraft:spruce_trapdoor":19,"minecraft:cherry_trapdoor":2,"minecraft:raw_iron":65,"minecraft:end_stone":478,"minecraft:copper_ingot":1,"minecraft:polished_blackstone_bricks":2,"minecraft:trident":3,"minecraft:light_blue_bed":2,"minecraft:stone_pressure_plate":1,"minecraft:dark_oak_planks":39,"minecraft:arrow":264,"minecraft:pumpkin_pie":1,"minecraft:saddle":15,"minecraft:netherite_boots":1,"minecraft:salmon":4,"minecraft:cut_sandstone":2,"minecraft:leather":105,"minecraft:birch_planks":71,"minecraft:chainmail_chestplate":4,"minecraft:gunpowder":59,"minecraft:cobblestone_stairs":17,"minecraft:orange_terracotta":1,"minecraft:cooked_mutton":85,"minecraft:iron_ingot":8,"minecraft:cooked_chicken":5,"minecraft:soul_sand":112,"minecraft:book":123,"minecraft:scaffolding":47,"minecraft:oak_slab":14,"minecraft:bamboo_planks":3,"minecraft:stone_brick_slab":16,"minecraft:quartz":186,"minecraft:dandelion":24,"minecraft:dripstone_block":4,"minecraft:amethyst_shard":31,"minecraft:soul_torch":69,"minecraft:blast_furnace":4,"minecraft:white_bed":127,"minecraft:spruce_door":6,"minecraft:spider_eye":12,"minecraft:polished_diorite_stairs":3,"minecraft:pumpkin_seeds":4,"minecraft:sculk_sensor":15,"minecraft:chainmail_leggings":1,"minecraft:iron_helmet":2,"minecraft:damaged_anvil":1,"minecraft:black_wool":1,"minecraft:coal":245},"minecraft:mined":{"minecraft:dark_oak_planks":36,"minecraft:dragon_wall_head":3,"minecraft:white_bed":126,"minecraft:cherry_log":13,"minecraft:obsidian":158,"minecraft:carved_pumpkin":1,"minecraft:granite":73,"minecraft:jungle_log":36,"minecraft:light_gray_bed":1,"minecraft:diorite_stairs":5,"minecraft:hopper":9,"minecraft:oak_wall_sign":4,"minecraft:oxeye_daisy":2,"minecraft:polished_blackstone_bricks":2,"minecraft:tall_seagrass":27,"minecraft:magma_block":2,"minecraft:dark_oak_trapdoor":33,"minecraft:fire":16,"minecraft:cobbled_deepslate":2,"minecraft:fletching_table":14,"minecraft:sculk_shrieker":20,"minecraft:oak_sign":3,"minecraft:dirt_path":3,"minecraft:cut_sandstone":2,"minecraft:soul_wall_torch":2,"minecraft:brown_mushroom":7,"minecraft:kelp_plant":34,"minecraft:soul_fire":4,"minecraft:powder_snow":51,"minecraft:torch":37,"minecraft:blast_furnace":4,"minecraft:spruce_wall_sign":3,"minecraft:glass":21,"minecraft:sugar_cane":392,"minecraft:damaged_anvil":1,"minecraft:polished_diorite_stairs":3,"minecraft:bamboo_planks":3,"minecraft:wheat":2019,"minecraft:grass":361,"minecraft:oak_fence_gate":1,"minecraft:deepslate":606,"minecraft:dark_prismarine":5,"minecraft:mossy_cobblestone":6,"minecraft:dark_oak_log":58,"minecraft:shulker_box":47,"minecraft:end_stone":496,"minecraft:dark_oak_fence":33,"minecraft:spruce_fence":144,"minecraft:kelp":3,"minecraft:cartography_table":23,"minecraft:redstone_ore":1,"minecraft:snow":3,"minecraft:andesite":135,"minecraft:potatoes":45,"minecraft:cobblestone_slab":73,"minecraft:vine":28,"minecraft:ender_chest":34,"minecraft:smithing_table":11,"minecraft:oak_slab":9,"minecraft:glass_pane":15,"minecraft:cherry_planks":33,"minecraft:soul_sand":132,"minecraft:stone_brick_slab":11,"minecraft:dandelion":5,"minecraft:cornflower":3,"minecraft:copper_ore":17,"minecraft:purpur_pillar":22,"minecraft:tall_grass":72,"minecraft:diorite":328,"minecraft:coarse_dirt":1,"minecraft:light_blue_bed":2,"minecraft:spruce_log":507,"minecraft:sunflower":1,"minecraft:gravel":172,"minecraft:dripstone_block":4,"minecraft:stone_bricks":6,"minecraft:chipped_anvil":1,"minecraft:fern":1,"minecraft:spruce_planks":10,"minecraft:stone_pressure_plate":2,"minecraft:sculk_vein":2,"minecraft:cobblestone_stairs":11,"minecraft:brewing_stand":3,"minecraft:spruce_trapdoor":19,"minecraft:cherry_trapdoor":3,"minecraft:grass_block":2796,"minecraft:soul_soil":72,"minecraft:polished_diorite":6,"minecraft:composter":38,"minecraft:sculk_catalyst":1,"minecraft:iron_ore":83,"minecraft:turtle_egg":4,"minecraft:dark_oak_stairs":16,"minecraft:pointed_dripstone":1,"minecraft:end_stone_bricks":9,"minecraft:spruce_slab":42,"minecraft:deepslate_redstone_ore":1,"minecraft:orange_terracotta":1,"minecraft:purpur_stairs":3,"minecraft:poppy":1,"minecraft:chest":30,"minecraft:nether_quartz_ore":208,"minecraft:cobblestone":842,"minecraft:prismarine":1,"minecraft:oak_planks":73,"minecraft:wall_torch":24,"minecraft:seagrass":61,"minecraft:dark_oak_slab":49,"minecraft:birch_log":7,"minecraft:tnt":8,"minecraft:purpur_block":31,"minecraft:oak_log":139,"minecraft:beetroots":4,"minecraft:sand":99,"minecraft:dirt":5023,"minecraft:netherrack":6834,"minecraft:oak_leaves":23,"minecraft:nether_gold_ore":7,"minecraft:tuff":7,"minecraft:oak_door":9,"minecraft:deepslate_diamond_ore":37,"minecraft:ladder":38,"minecraft:decorated_pot":1,"minecraft:spruce_leaves":5,"minecraft:hay_block":82,"minecraft:oak_trapdoor":9,"minecraft:furnace":2,"minecraft:carrots":62,"minecraft:stripped_spruce_log":1,"minecraft:gold_block":12,"minecraft:bell":26,"minecraft:bookshelf":29,"minecraft:deepslate_iron_ore":2,"minecraft:packed_ice":3,"minecraft:chorus_plant":9,"minecraft:stone":5729,"minecraft:podzol":2,"minecraft:scaffolding":24,"minecraft:snow_block":30,"minecraft:spruce_door":3,"minecraft:oak_fence":37,"minecraft:crafting_table":21,"minecraft:sculk_sensor":3,"minecraft:lectern":221,"minecraft:stone_slab":17,"minecraft:deepslate_coal_ore":3,"minecraft:sculk":116,"minecraft:prismarine_bricks":10,"minecraft:spruce_stairs":1,"minecraft:gray_wool":1,"minecraft:birch_planks":70,"minecraft:sweet_berry_bush":6,"minecraft:white_wall_banner":1,"minecraft:coal_ore":118,"minecraft:cherry_leaves":3,"minecraft:cracked_stone_bricks":4,"minecraft:mossy_stone_bricks":5},"minecraft:broken":{"minecraft:diamond_shovel":1,"minecraft:diamond_pickaxe":1,"minecraft:iron_sword":3,"minecraft:iron_axe":1,"minecraft:iron_pickaxe":7,"minecraft:iron_helmet":1,"minecraft:stone_axe":1}},"DataVersion":3465}