{"stats":{"minecraft:used":{"minecraft:oak_fence":25,"minecraft:stone_sword":120,"minecraft:armor_stand":1,"minecraft:ladder":11,"minecraft:oak_sign":2,"minecraft:chest":4,"minecraft:stone":61,"minecraft:bell":1,"minecraft:oak_door":2,"minecraft:torch":50,"minecraft:dirt":52,"minecraft:stone_stairs":8,"minecraft:oak_stairs":4,"minecraft:stone_brick_stairs":5,"minecraft:stone_bricks":32,"minecraft:furnace":5,"minecraft:oak_sapling":9,"minecraft:cooked_beef":5,"minecraft:water_bucket":23,"minecraft:stone_pickaxe":266,"minecraft:polished_andesite":16,"minecraft:oak_planks":43,"minecraft:wooden_pickaxe":3,"minecraft:stonecutter":2,"minecraft:oak_slab":18,"minecraft:crafting_table":5,"minecraft:white_bed":2,"minecraft:painting":35,"minecraft:oak_button":1,"minecraft:iron_pickaxe":125,"minecraft:stone_slab":10,"minecraft:stone_axe":189,"minecraft:andesite":12,"minecraft:bucket":23},"minecraft:custom":{"minecraft:mob_kills":24,"minecraft:interact_with_crafting_table":40,"minecraft:leave_game":5,"minecraft:time_since_death":18676,"minecraft:climb_one_cm":10552,"minecraft:sprint_one_cm":143141,"minecraft:walk_one_cm":457277,"minecraft:drop":3,"minecraft:play_time":151887,"minecraft:deaths":1,"minecraft:sneak_time":1756,"minecraft:walk_under_water_one_cm":89,"minecraft:jump":1323,"minecraft:walk_on_water_one_cm":5901,"minecraft:total_world_time":151887,"minecraft:interact_with_furnace":34,"minecraft:interact_with_stonecutter":4,"minecraft:sleep_in_bed":2,"minecraft:time_since_rest":11419,"minecraft:damage_taken":520,"minecraft:damage_dealt":2420,"minecraft:swim_one_cm":1479,"minecraft:fly_one_cm":119319,"minecraft:open_chest":8,"minecraft:crouch_one_cm":2496,"minecraft:fall_one_cm":28473},"minecraft:picked_up":{"minecraft:crafting_table":4,"minecraft:chicken":2,"minecraft:ladder":4,"minecraft:wooden_pickaxe":1,"minecraft:oak_stairs":4,"minecraft:stone_brick_stairs":1,"minecraft:cornflower":6,"minecraft:raw_copper":43,"minecraft:smooth_stone_slab":1,"minecraft:oak_sign":1,"minecraft:smooth_stone":11,"minecraft:bucket":1,"minecraft:beef":35,"minecraft:poppy":1,"minecraft:iron_pickaxe":1,"minecraft:chest":1,"minecraft:furnace":3,"minecraft:golden_helmet":1,"minecraft:stick":10,"minecraft:raw_iron":29,"minecraft:stone":4,"minecraft:oak_door":2,"minecraft:oak_fence":28,"minecraft:torch":21,"minecraft:porkchop":13,"minecraft:stone_sword":1,"minecraft:gold_ingot":1,"minecraft:mutton":4,"minecraft:cobblestone":269,"minecraft:oxeye_daisy":2,"minecraft:feather":4,"minecraft:cooked_beef":4,"minecraft:andesite":28,"minecraft:leather":6,"minecraft:oak_log":60,"minecraft:dirt":244,"minecraft:stone_bricks":6,"minecraft:stonecutter":1,"minecraft:wheat_seeds":24,"minecraft:raw_gold":6,"minecraft:bell":2,"minecraft:iron_ingot":3,"minecraft:stripped_oak_wood":3,"minecraft:oak_planks":24,"minecraft:cooked_porkchop":8,"minecraft:pumpkin":4,"minecraft:dandelion":20,"minecraft:white_bed":2,"minecraft:stone_axe":1,"minecraft:granite":22,"minecraft:painting":34,"minecraft:gray_wool":1,"minecraft:oak_sapling":15,"minecraft:coal":44},"minecraft:killed":{"minecraft:horse":1,"minecraft:chicken":2,"minecraft:pig":7,"minecraft:sheep":1,"minecraft:cow":13},"minecraft:mined":{"minecraft:white_bed":2,"minecraft:oak_sapling":3,"minecraft:ladder":2,"minecraft:granite":11,"minecraft:grass_block":30,"minecraft:oxeye_daisy":2,"minecraft:furnace":3,"minecraft:iron_ore":18,"minecraft:andesite":28,"minecraft:pumpkin":2,"minecraft:bell":1,"minecraft:oak_stairs":1,"minecraft:stone":237,"minecraft:dandelion":8,"minecraft:oak_fence":25,"minecraft:crafting_table":4,"minecraft:cornflower":2,"minecraft:torch":2,"minecraft:poppy":1,"minecraft:chest":1,"minecraft:cobblestone":3,"minecraft:copper_ore":11,"minecraft:tall_grass":43,"minecraft:oak_planks":21,"minecraft:diorite":1,"minecraft:wall_torch":6,"minecraft:stripped_oak_wood":2,"minecraft:stone_brick_stairs":1,"minecraft:grass":93,"minecraft:oak_log":41,"minecraft:coal_ore":35,"minecraft:dirt":96,"minecraft:stonecutter":1,"minecraft:stone_bricks":6,"minecraft:gold_ore":6,"minecraft:oak_leaves":41},"minecraft:crafted":{"minecraft:oak_door":3,"minecraft:smooth_stone":4,"minecraft:oak_planks":172,"minecraft:oak_sign":3,"minecraft:smooth_stone_slab":2,"minecraft:furnace":2,"minecraft:stone":125,"minecraft:stone_stairs":8,"minecraft:ladder":9,"minecraft:stone_pickaxe":2,"minecraft:chest":3,"minecraft:oak_button":1,"minecraft:stone_bricks":30,"minecraft:golden_helmet":1,"minecraft:cooked_beef":9,"minecraft:oak_slab":18,"minecraft:cooked_porkchop":8,"minecraft:crafting_table":2,"minecraft:wooden_pickaxe":1,"minecraft:bucket":1,"minecraft:stone_axe":1,"minecraft:painting":1,"minecraft:stone_brick_stairs":4,"minecraft:stick":56,"minecraft:stone_slab":10,"minecraft:iron_ingot":4,"minecraft:iron_pickaxe":1,"minecraft:oak_stairs":4,"minecraft:stone_sword":1,"minecraft:gold_ingot":6,"minecraft:armor_stand":1,"minecraft:stonecutter":1,"minecraft:torch":32,"minecraft:polished_andesite":16},"minecraft:broken":{"minecraft:stone_pickaxe":2},"minecraft:dropped":{"minecraft:porkchop":1,"minecraft:oak_door":1,"minecraft:bell":1}},"DataVersion":3465}