{"stats":{"minecraft:custom":{"minecraft:interact_with_furnace":21,"minecraft:mob_kills":41,"minecraft:interact_with_crafting_table":18,"minecraft:leave_game":2,"minecraft:time_since_death":48,"minecraft:climb_one_cm":1263,"minecraft:time_since_rest":69,"minecraft:sprint_one_cm":122897,"minecraft:damage_taken":1510,"minecraft:walk_one_cm":41511,"minecraft:damage_blocked_by_shield":1360,"minecraft:drop":6,"minecraft:damage_dealt":6242,"minecraft:swim_one_cm":3578,"minecraft:fly_one_cm":243541,"minecraft:crouch_one_cm":13988,"minecraft:play_time":42418,"minecraft:deaths":5,"minecraft:sneak_time":8761,"minecraft:walk_under_water_one_cm":14313,"minecraft:jump":1081,"minecraft:walk_on_water_one_cm":5916,"minecraft:total_world_time":42418,"minecraft:fall_one_cm":53451},"minecraft:used":{"minecraft:cooked_mutton":2,"minecraft:water_bucket":5,"minecraft:stone_pickaxe":61,"minecraft:wooden_pickaxe":20,"minecraft:shield":29,"minecraft:iron_chestplate":1,"minecraft:crafting_table":4,"minecraft:granite":6,"minecraft:wooden_axe":27,"minecraft:iron_pickaxe":119,"minecraft:iron_helmet":1,"minecraft:stone_axe":67,"minecraft:cobblestone":6,"minecraft:furnace":2,"minecraft:bucket":6,"minecraft:andesite":5,"minecraft:egg":2,"minecraft:cooked_beef":2},"minecraft:mined":{"minecraft:tuff":4,"minecraft:glass_pane":1,"minecraft:deepslate_diamond_ore":2,"minecraft:dandelion":3,"minecraft:cornflower":1,"minecraft:crafting_table":5,"minecraft:granite":6,"minecraft:tall_grass":3,"minecraft:cobblestone":3,"minecraft:deepslate_gold_ore":9,"minecraft:diorite":1,"minecraft:hay_block":1,"minecraft:furnace":2,"minecraft:iron_ore":54,"minecraft:andesite":5,"minecraft:grass":6,"minecraft:oak_log":20,"minecraft:coal_ore":18,"minecraft:deepslate_iron_ore":26,"minecraft:stone":42,"minecraft:gold_ore":7,"minecraft:oak_leaves":3,"minecraft:deepslate":21},"minecraft:dropped":{"minecraft:wheat_seeds":1,"minecraft:mutton":2,"minecraft:wooden_axe":1,"minecraft:wooden_pickaxe":1,"minecraft:white_wool":1},"minecraft:picked_up":{"minecraft:crafting_table":5,"minecraft:feather":2,"minecraft:chicken":3,"minecraft:andesite":5,"minecraft:leather":4,"minecraft:tuff":4,"minecraft:oak_log":20,"minecraft:string":1,"minecraft:bone":3,"minecraft:wheat_seeds":2,"minecraft:cobbled_deepslate":19,"minecraft:raw_gold":16,"minecraft:beef":7,"minecraft:egg":2,"minecraft:furnace":2,"minecraft:raw_iron":80,"minecraft:dandelion":3,"minecraft:porkchop":14,"minecraft:diorite":1,"minecraft:carrot":1,"minecraft:spider_eye":2,"minecraft:rotten_flesh":10,"minecraft:diamond":2,"minecraft:hay_block":1,"minecraft:granite":6,"minecraft:gray_wool":1,"minecraft:mutton":15,"minecraft:coal":26,"minecraft:white_wool":9,"minecraft:cobblestone":43,"minecraft:ender_pearl":1},"minecraft:killed_by":{"minecraft:skeleton":1,"minecraft:creeper":1},"minecraft:crafted":{"minecraft:cooked_beef":3,"minecraft:yellow_wool":3,"minecraft:oak_planks":80,"minecraft:crafting_table":2,"minecraft:wooden_pickaxe":2,"minecraft:iron_helmet":1,"minecraft:furnace":2,"minecraft:bucket":1,"minecraft:stone_axe":2,"minecraft:cooked_mutton":7,"minecraft:air":0,"minecraft:iron_chestplate":1,"minecraft:yellow_dye":3,"minecraft:shield":1,"minecraft:stick":24,"minecraft:iron_ingot":20,"minecraft:iron_pickaxe":1,"minecraft:stone_pickaxe":2,"minecraft:wooden_axe":1},"minecraft:killed":{"minecraft:pig":3,"minecraft:spider":4,"minecraft:sheep":10,"minecraft:skeleton":3,"minecraft:zombie":11,"minecraft:chicken":3,"minecraft:enderman":1,"minecraft:cow":4}},"DataVersion":3465}