{"stats":{"minecraft:custom":{"minecraft:interact_with_crafting_table":328,"minecraft:open_barrel":14,"minecraft:eat_cake_slice":1,"minecraft:leave_game":89,"minecraft:time_since_death":3320,"minecraft:damage_blocked_by_shield":1607,"minecraft:play_time":2984781,"minecraft:deaths":2,"minecraft:jump":31142,"minecraft:enchant_item":66,"minecraft:interact_with_furnace":211,"minecraft:play_record":2,"minecraft:traded_with_villager":823,"minecraft:sleep_in_bed":89,"minecraft:damage_dealt":210736,"minecraft:interact_with_smoker":1,"minecraft:interact_with_anvil":56,"minecraft:inspect_hopper":56,"minecraft:sneak_time":147759,"minecraft:interact_with_blast_furnace":55,"minecraft:total_world_time":2984781,"minecraft:interact_with_stonecutter":3,"minecraft:time_since_rest":3340,"minecraft:swim_one_cm":1292161,"minecraft:fly_one_cm":8857759,"minecraft:open_chest":2106,"minecraft:fall_one_cm":975951,"minecraft:open_shulker_box":47,"minecraft:sprint_one_cm":6049782,"minecraft:drop":327,"minecraft:talked_to_villager":574,"minecraft:interact_with_brewingstand":1,"minecraft:walk_on_water_one_cm":231502,"minecraft:open_enderchest":91,"minecraft:crouch_one_cm":360629,"minecraft:mob_kills":3447,"minecraft:climb_one_cm":64975,"minecraft:walk_one_cm":2613919,"minecraft:raid_win":1,"minecraft:walk_under_water_one_cm":287945,"minecraft:boat_one_cm":2569284,"minecraft:pot_flower":10,"minecraft:interact_with_grindstone":58,"minecraft:damage_taken":17050,"minecraft:aviate_one_cm":4723652},"minecraft:used":{"minecraft:moss_block":190,"minecraft:spruce_slab":111,"minecraft:poppy":2,"minecraft:bamboo_sign":3,"minecraft:ladder":20,"minecraft:elytra":14,"minecraft:chest":26,"minecraft:stone":319,"minecraft:white_shulker_box":1,"minecraft:stripped_spruce_log":60,"minecraft:dark_oak_slab":87,"minecraft:cherry_leaves":108,"minecraft:bow":185,"minecraft:dark_oak_boat":1,"minecraft:furnace":8,"minecraft:egg":5,"minecraft:damaged_anvil":1,"minecraft:end_stone_bricks":3,"minecraft:spruce_door":1,"minecraft:chorus_fruit":1,"minecraft:blackstone":16,"minecraft:wooden_pickaxe":6,"minecraft:composter":12,"minecraft:glow_berries":1,"minecraft:sand":5,"minecraft:blast_furnace":4,"minecraft:deepslate_brick_stairs":6,"minecraft:deepslate_iron_ore":1,"minecraft:spore_blossom":4,"minecraft:lectern":107,"minecraft:soul_lantern":4,"minecraft:diamond_sword":2143,"minecraft:smithing_table":1,"minecraft:oak_boat":18,"minecraft:oak_hanging_sign":3,"minecraft:oak_trapdoor":23,"minecraft:enchanting_table":1,"minecraft:netherrack":190,"minecraft:torch":64,"minecraft:brewing_stand":2,"minecraft:anvil":4,"minecraft:sea_lantern":4,"minecraft:flowering_azalea":20,"minecraft:bamboo_fence":9,"minecraft:iron_axe":1105,"minecraft:cherry_slab":6,"minecraft:bamboo_hanging_sign":17,"minecraft:barrel":6,"minecraft:smooth_basalt":32,"minecraft:bamboo":59,"minecraft:diamond_chestplate":15,"minecraft:basalt":3,"minecraft:cobbled_deepslate":63,"minecraft:observer":12,"minecraft:cherry_log":43,"minecraft:calcite":401,"minecraft:wheat_seeds":1118,"minecraft:water_bucket":87,"minecraft:chiseled_bookshelf":7,"minecraft:cherry_planks":93,"minecraft:fletching_table":1,"minecraft:spruce_fence_gate":8,"minecraft:deepslate_bricks":125,"minecraft:polished_blackstone_bricks":108,"minecraft:gilded_blackstone":12,"minecraft:polished_deepslate_slab":17,"minecraft:oak_slab":71,"minecraft:crafting_table":48,"minecraft:red_bed":22,"minecraft:white_bed":19,"minecraft:cake":1,"minecraft:spruce_log":372,"minecraft:oak_log":37,"minecraft:ender_eye":20,"minecraft:diamond_pickaxe":4521,"minecraft:diamond_shovel":87,"minecraft:iron_pickaxe":2437,"minecraft:suspicious_stew":3,"minecraft:purpur_slab":1,"minecraft:spruce_trapdoor":11,"minecraft:spruce_sapling":57,"minecraft:cobblestone":706,"minecraft:cooked_porkchop":138,"minecraft:glass_pane":26,"minecraft:brush":37,"minecraft:stripped_oak_log":6,"minecraft:jukebox":1,"minecraft:diamond_leggings":3,"minecraft:cherry_sapling":25,"minecraft:moss_carpet":37,"minecraft:iron_shovel":568,"minecraft:polished_deepslate":385,"minecraft:diamond_hoe":1819,"minecraft:oak_sign":4,"minecraft:decorated_pot":27,"minecraft:shield":29,"minecraft:iron_sword":546,"minecraft:grass":4,"minecraft:sculk_sensor":1,"minecraft:nether_bricks":20,"minecraft:tuff":278,"minecraft:cyan_wool":15,"minecraft:polished_deepslate_stairs":43,"minecraft:big_dripleaf":8,"minecraft:obsidian":10,"minecraft:lantern":12,"minecraft:stone_bricks":97,"minecraft:item_frame":1,"minecraft:spruce_hanging_sign":11,"minecraft:deepslate_diamond_ore":9,"minecraft:golden_sword":35,"minecraft:warped_fungus":1,"minecraft:hay_block":45,"minecraft:dark_oak_sapling":13,"minecraft:golden_boots":1,"minecraft:dark_oak_stairs":191,"minecraft:end_rod":1,"minecraft:diamond_boots":3,"minecraft:stone_pickaxe":202,"minecraft:dark_oak_sign":4,"minecraft:oak_planks":227,"minecraft:ender_pearl":1,"minecraft:end_stone_brick_slab":305,"minecraft:diamond_axe":1770,"minecraft:sugar_cane":34,"minecraft:calibrated_sculk_sensor":1,"minecraft:white_wool":1,"minecraft:loom":4,"minecraft:crossbow":37,"minecraft:shears":627,"minecraft:deepslate_lapis_ore":18,"minecraft:end_stone":191,"minecraft:black_concrete":1,"minecraft:firework_rocket":140,"minecraft:bread":8,"minecraft:string":2,"minecraft:deepslate":191,"minecraft:granite_slab":102,"minecraft:grindstone":1,"minecraft:chain":6,"minecraft:bone_meal":598,"minecraft:experience_bottle":35,"minecraft:purpur_block":2,"minecraft:trident":49,"minecraft:music_disc_otherside":1,"minecraft:flint_and_steel":14,"minecraft:redstone":10,"minecraft:spruce_planks":138,"minecraft:ender_chest":7,"minecraft:bamboo_door":6,"minecraft:cooked_chicken":3,"minecraft:oak_door":18,"minecraft:dirt":493,"minecraft:spyglass":824,"minecraft:hopper":6,"minecraft:spruce_stairs":187,"minecraft:diamond_helmet":1,"minecraft:shulker_box":15,"minecraft:golden_chestplate":1,"minecraft:granite":215,"minecraft:spruce_fence":16,"minecraft:iron_hoe":423,"minecraft:wooden_axe":32,"minecraft:dark_oak_planks":13,"minecraft:bamboo_raft":1,"minecraft:bookshelf":27,"minecraft:oak_stairs":23,"minecraft:cherry_trapdoor":4,"minecraft:golden_carrot":76,"minecraft:soul_soil":5,"minecraft:cooked_beef":67,"minecraft:bamboo_planks":4,"minecraft:light_gray_bed":2,"minecraft:cooked_mutton":30,"minecraft:amethyst_block":15,"minecraft:cobblestone_stairs":31,"minecraft:sniffer_egg":2,"minecraft:magenta_stained_glass":1,"minecraft:stonecutter":1,"minecraft:cobblestone_slab":223,"minecraft:music_disc_cat":1,"minecraft:bamboo_block":21,"minecraft:painting":6,"minecraft:book":44,"minecraft:piston":16,"minecraft:flower_pot":12,"minecraft:cherry_door":6,"minecraft:cracked_polished_blackstone_bricks":28,"minecraft:map":2,"minecraft:stone_slab":18,"minecraft:golden_leggings":1,"minecraft:stone_axe":108,"minecraft:pink_petals":217,"minecraft:cherry_stairs":10,"minecraft:white_banner":1,"minecraft:bucket":92,"minecraft:smooth_stone":4},"minecraft:killed":{"minecraft:cave_spider":2,"minecraft:shulker":55,"minecraft:skeleton":82,"minecraft:chicken":69,"minecraft:magma_cube":1,"minecraft:pillager":9,"minecraft:zombie":2628,"minecraft:glow_squid":2,"minecraft:cow":111,"minecraft:vindicator":4,"minecraft:horse":14,"minecraft:husk":1,"minecraft:rabbit":4,"minecraft:wandering_trader":1,"minecraft:ravager":1,"minecraft:enderman":11,"minecraft:zombified_piglin":2,"minecraft:witch":4,"minecraft:spider":26,"minecraft:piglin_brute":5,"minecraft:piglin":3,"minecraft:pig":151,"minecraft:zombie_villager":2,"minecraft:creeper":21,"minecraft:sheep":121,"minecraft:trader_llama":2,"minecraft:ghast":6,"minecraft:blaze":8,"minecraft:slime":39,"minecraft:drowned":15,"minecraft:hoglin":2,"minecraft:wither_skeleton":10},"minecraft:dropped":{"minecraft:iron_sword":2,"minecraft:porkchop":7,"minecraft:glow_ink_sac":5,"minecraft:diamond":2,"minecraft:crafting_table":1,"minecraft:cooked_porkchop":2,"minecraft:purpur_stairs":1,"minecraft:dirt":20,"minecraft:gold_nugget":9,"minecraft:sand":3,"minecraft:iron_pickaxe":2,"minecraft:fishing_rod":1,"minecraft:white_wool":1,"minecraft:bone":9,"minecraft:oak_door":3,"minecraft:stone_axe":1,"minecraft:iron_nugget":3,"minecraft:golden_chestplate":1,"minecraft:cobbled_deepslate":4,"minecraft:rotten_flesh":377,"minecraft:oak_planks":5,"minecraft:nether_brick_fence":3,"minecraft:white_bed":1,"minecraft:spruce_slab":8,"minecraft:beef":9,"minecraft:iron_ingot":11,"minecraft:golden_boots":1,"minecraft:birch_leaves":9,"minecraft:wheat_seeds":648,"minecraft:end_stone_brick_slab":1,"minecraft:feather":12,"minecraft:cobblestone":128,"minecraft:granite":5,"minecraft:end_rod":1,"minecraft:gray_wool":3,"minecraft:wooden_axe":1,"minecraft:rabbit":2,"minecraft:oak_stairs":2,"minecraft:chainmail_leggings":1,"minecraft:paper":3,"minecraft:string":22,"minecraft:spruce_sapling":1,"minecraft:bamboo_planks":1,"minecraft:furnace":1,"minecraft:soul_soil":3,"minecraft:deepslate":17,"minecraft:iron_boots":18,"minecraft:spruce_fence":2,"minecraft:diamond_sword":3,"minecraft:big_dripleaf":6,"minecraft:potato":7,"minecraft:cobblestone_slab":1,"minecraft:stone":7,"minecraft:diamond_pickaxe":1,"minecraft:stone_bricks":52,"minecraft:spider_eye":3,"minecraft:bow":2,"minecraft:soul_sand":7,"minecraft:moss_block":6,"minecraft:baked_potato":1,"minecraft:leather":6,"minecraft:flint":3,"minecraft:ice":18,"minecraft:mutton":3,"minecraft:cut_sandstone":15,"minecraft:gold_ingot":40,"minecraft:spyglass":1,"minecraft:cherry_sapling":3,"minecraft:leather_chestplate":1,"minecraft:gunpowder":7,"minecraft:chainmail_boots":1,"minecraft:arrow":3,"minecraft:stone_hoe":21,"minecraft:bread":196,"minecraft:cherry_log":4,"minecraft:mossy_cobblestone":64,"minecraft:copper_ingot":1,"minecraft:torch":4,"minecraft:iron_door":8,"minecraft:iron_leggings":1,"minecraft:polished_basalt":1,"minecraft:pink_petals":21,"minecraft:bucket":2,"minecraft:kelp":6,"minecraft:raw_copper":23,"minecraft:raw_iron":74,"minecraft:copper_ore":12,"minecraft:filled_map":4,"minecraft:iron_chestplate":1,"minecraft:andesite":1,"minecraft:golden_leggings":2,"minecraft:oak_boat":1,"minecraft:oak_sapling":4,"minecraft:diamond_boots":1,"minecraft:slime_ball":27,"minecraft:stone_pickaxe":1,"minecraft:wooden_pickaxe":1,"minecraft:calcite":1},"minecraft:picked_up":{"minecraft:chainmail_boots":4,"minecraft:flower_pot":8,"minecraft:anvil":1,"minecraft:lead":2,"minecraft:stone_slab":1,"minecraft:diamond_sword":4,"minecraft:oak_stairs":7,"minecraft:brewing_stand":3,"minecraft:amethyst_block":105,"minecraft:polished_deepslate":54,"minecraft:music_disc_cat":1,"minecraft:string":50,"minecraft:soul_soil":15,"minecraft:diamond_leggings":1,"minecraft:gold_nugget":12,"minecraft:cobbled_deepslate":317,"minecraft:spruce_planks":257,"minecraft:netherite_upgrade_smithing_template":2,"minecraft:golden_helmet":1,"minecraft:composter":9,"minecraft:big_dripleaf":17,"minecraft:purpur_pillar":5,"minecraft:lightning_rod":1,"minecraft:cherry_log":111,"minecraft:bamboo_door":5,"minecraft:golden_chestplate":3,"minecraft:rabbit_foot":1,"minecraft:light_gray_bed":2,"minecraft:bamboo_block":5,"minecraft:stone_sword":1,"minecraft:light_blue_wool":18,"minecraft:polished_basalt":2,"minecraft:end_rod":2,"minecraft:blaze_rod":9,"minecraft:snowball":56,"minecraft:magma_block":7,"minecraft:cooked_beef":338,"minecraft:feather":57,"minecraft:cherry_leaves":390,"minecraft:iron_door":16,"minecraft:water_bucket":1,"minecraft:brown_wool":2,"minecraft:flint":1,"minecraft:cherry_door":3,"minecraft:lantern":8,"minecraft:stripped_bamboo_block":6,"minecraft:dark_oak_sign":1,"minecraft:rabbit":4,"minecraft:diamond_helmet":1,"minecraft:glowstone_dust":1,"minecraft:moss_block":338,"minecraft:stripped_spruce_log":69,"minecraft:loom":3,"minecraft:dark_oak_log":125,"minecraft:barrel":4,"minecraft:deepslate":285,"minecraft:deepslate_gold_ore":22,"minecraft:granite":22,"minecraft:chainmail_helmet":2,"minecraft:bread":60,"minecraft:cherry_slab":20,"minecraft:diamond_pickaxe":2,"minecraft:shelter_pottery_sherd":6,"minecraft:crafting_table":44,"minecraft:nether_wart":13,"minecraft:clay_ball":63,"minecraft:leather_leggings":6,"minecraft:stripped_cherry_log":10,"minecraft:dragon_head":1,"minecraft:purpur_block":13,"minecraft:red_bed":19,"minecraft:elytra":2,"minecraft:iron_shovel":2,"minecraft:glass_pane":30,"minecraft:deepslate_diamond_ore":9,"minecraft:music_disc_otherside":1,"minecraft:beef":70,"minecraft:cyan_wool":24,"minecraft:poppy":5,"minecraft:iron_nugget":2,"minecraft:spruce_slab":75,"minecraft:chest":9,"minecraft:piston":6,"minecraft:diamond_hoe":2,"minecraft:egg":23,"minecraft:copper_ore":12,"minecraft:polished_deepslate_slab":5,"minecraft:stone":784,"minecraft:oak_door":18,"minecraft:spruce_fence":45,"minecraft:fire_charge":6,"minecraft:carrot":47,"minecraft:redstone":14,"minecraft:diamond_chestplate":1,"minecraft:decorated_pot":17,"minecraft:deepslate_bricks":28,"minecraft:shears":1,"minecraft:diamond_boots":2,"minecraft:hay_block":272,"minecraft:purpur_slab":1,"minecraft:gold_ingot":47,"minecraft:white_shulker_box":1,"minecraft:mutton":71,"minecraft:white_wool":117,"minecraft:bone_block":70,"minecraft:stripped_oak_log":42,"minecraft:birch_leaves":9,"minecraft:purpur_stairs":2,"minecraft:oak_log":192,"minecraft:golden_boots":5,"minecraft:paper":6,"minecraft:white_banner":1,"minecraft:apple":13,"minecraft:stone_bricks":148,"minecraft:kelp":16,"minecraft:spore_blossom":4,"minecraft:iron_ore":7,"minecraft:magenta_stained_glass":4,"minecraft:iron_sword":1,"minecraft:flowering_azalea":24,"minecraft:dark_oak_stairs":46,"minecraft:smooth_basalt":33,"minecraft:dark_oak_slab":41,"minecraft:sculk":1,"minecraft:spyglass":1,"minecraft:gravel":47,"minecraft:spruce_sapling":91,"minecraft:spruce_log":1093,"minecraft:crying_obsidian":2,"minecraft:sea_lantern":4,"minecraft:leather_helmet":6,"minecraft:firework_rocket":123,"minecraft:coal_ore":1,"minecraft:slime_ball":101,"minecraft:snort_pottery_sherd":6,"minecraft:stone_axe":4,"minecraft:light_blue_carpet":27,"minecraft:diamond_axe":1,"minecraft:painting":4,"minecraft:gray_wool":6,"minecraft:baked_potato":4,"minecraft:hopper":3,"minecraft:ender_pearl":26,"minecraft:shulker_shell":29,"minecraft:wheat":886,"minecraft:ender_chest":15,"minecraft:nether_brick_fence":3,"minecraft:calibrated_sculk_sensor":1,"minecraft:potion":2,"minecraft:nether_brick":14,"minecraft:raw_copper":90,"minecraft:deepslate_lapis_ore":18,"minecraft:oak_hanging_sign":3,"minecraft:iron_leggings":1,"minecraft:oak_sign":5,"minecraft:smooth_stone":4,"minecraft:bucket":2,"minecraft:cobblestone_slab":2,"minecraft:calcite":530,"minecraft:ender_eye":5,"minecraft:azalea":39,"minecraft:iron_pickaxe":1,"minecraft:deepslate_iron_ore":4,"minecraft:iron_boots":14,"minecraft:furnace":4,"minecraft:blue_wool":3,"minecraft:tipped_arrow":1,"minecraft:stick":114,"minecraft:polished_deepslate_stairs":11,"minecraft:torch":40,"minecraft:spruce_stairs":49,"minecraft:porkchop":59,"minecraft:diorite":10,"minecraft:sniffer_egg":2,"minecraft:rotten_flesh":6793,"minecraft:spruce_hanging_sign":3,"minecraft:deepslate_brick_stairs":6,"minecraft:obsidian":30,"minecraft:cobblestone":1695,"minecraft:pink_petals":440,"minecraft:leather_chestplate":2,"minecraft:cherry_planks":73,"minecraft:andesite":14,"minecraft:golden_leggings":10,"minecraft:potato":36,"minecraft:tuff":290,"minecraft:dirt":735,"minecraft:lapis_lazuli":396,"minecraft:name_tag":1,"minecraft:leather_boots":7,"minecraft:bone":131,"minecraft:bow":9,"minecraft:wheat_seeds":2458,"minecraft:raw_gold":1,"minecraft:mossy_stone_bricks":4,"minecraft:bamboo":386,"minecraft:oak_planks":161,"minecraft:stone_hoe":18,"minecraft:ghast_tear":2,"minecraft:cooked_porkchop":400,"minecraft:bamboo_raft":1,"minecraft:sand":98,"minecraft:spectral_arrow":28,"minecraft:shulker_box":16,"minecraft:mossy_cobblestone":128,"minecraft:spruce_fence_gate":4,"minecraft:diamond":38,"minecraft:black_concrete":1,"minecraft:cracked_polished_blackstone_bricks":8,"minecraft:golden_apple":2,"minecraft:emerald":27,"minecraft:oak_sapling":5,"minecraft:chorus_fruit":29,"minecraft:netherrack":430,"minecraft:oak_leaves":500,"minecraft:end_stone_bricks":5,"minecraft:fishing_rod":1,"minecraft:chicken":17,"minecraft:ladder":12,"minecraft:gold_block":3,"minecraft:brick":10,"minecraft:oak_trapdoor":6,"minecraft:moss_carpet":61,"minecraft:iron_axe":2,"minecraft:blackstone":31,"minecraft:oak_boat":19,"minecraft:observer":2,"minecraft:light_gray_wool":5,"minecraft:lectern":106,"minecraft:sugar_cane":182,"minecraft:spruce_trapdoor":3,"minecraft:dark_oak_sapling":59,"minecraft:raw_iron":717,"minecraft:end_stone":588,"minecraft:cherry_stairs":31,"minecraft:bamboo_hanging_sign":12,"minecraft:copper_ingot":3,"minecraft:polished_blackstone_bricks":99,"minecraft:trident":2,"minecraft:dark_oak_planks":3,"minecraft:arrow":113,"minecraft:nether_bricks":20,"minecraft:saddle":2,"minecraft:basalt":3,"minecraft:golden_carrot":3,"minecraft:glow_ink_sac":18,"minecraft:cut_sandstone":15,"minecraft:leather":157,"minecraft:ice":18,"minecraft:chainmail_chestplate":2,"minecraft:gunpowder":23,"minecraft:cobblestone_stairs":23,"minecraft:wooden_hoe":1,"minecraft:cooked_mutton":268,"minecraft:rabbit_hide":4,"minecraft:iron_ingot":104,"minecraft:cooked_chicken":127,"minecraft:soul_sand":21,"minecraft:book":64,"minecraft:oak_slab":13,"minecraft:warped_fungus":1,"minecraft:nether_quartz_ore":2,"minecraft:bamboo_fence":6,"minecraft:bamboo_planks":18,"minecraft:stone_brick_slab":36,"minecraft:quartz":44,"minecraft:dandelion":2,"minecraft:raw_iron_block":3,"minecraft:amethyst_shard":284,"minecraft:blast_furnace":2,"minecraft:white_bed":7,"minecraft:gold_ore":2,"minecraft:spider_eye":7,"minecraft:sculk_sensor":2,"minecraft:chainmail_leggings":2,"minecraft:cherry_sapling":63,"minecraft:damaged_anvil":1,"minecraft:black_wool":1,"minecraft:coal":230},"minecraft:mined":{"minecraft:dark_oak_planks":2,"minecraft:dragon_wall_head":1,"minecraft:white_bed":6,"minecraft:cherry_log":38,"minecraft:obsidian":27,"minecraft:granite":24,"minecraft:red_sand":1,"minecraft:light_gray_bed":2,"minecraft:deepslate_bricks":28,"minecraft:purpur_slab":1,"minecraft:blue_wool":3,"minecraft:bamboo_block":5,"minecraft:hopper":4,"minecraft:nether_wart":6,"minecraft:oak_wall_sign":1,"minecraft:oxeye_daisy":4,"minecraft:spawner":4,"minecraft:polished_blackstone_bricks":114,"minecraft:tall_seagrass":3,"minecraft:magma_block":8,"minecraft:cobbled_deepslate":28,"minecraft:barrel":4,"minecraft:fire":5,"minecraft:moss_carpet":17,"minecraft:deepslate_lapis_ore":43,"minecraft:cave_vines":2,"minecraft:oak_sign":3,"minecraft:polished_deepslate_slab":5,"minecraft:oak_wall_hanging_sign":1,"minecraft:dirt_path":5,"minecraft:oak_stairs":7,"minecraft:deepslate_brick_stairs":6,"minecraft:white_shulker_box":1,"minecraft:stripped_bamboo_block":6,"minecraft:tripwire":2,"minecraft:cut_sandstone":91,"minecraft:red_bed":18,"minecraft:amethyst_cluster":57,"minecraft:soul_fire":6,"minecraft:powder_snow":26,"minecraft:torch":5,"minecraft:blast_furnace":2,"minecraft:dead_bush":4,"minecraft:damaged_anvil":1,"minecraft:sugar_cane":96,"minecraft:amethyst_block":114,"minecraft:cherry_slab":20,"minecraft:chain":1,"minecraft:cyan_wool":24,"minecraft:bamboo_planks":1,"minecraft:wheat":943,"minecraft:lilac":1,"minecraft:warped_fungus":1,"minecraft:grass":211,"minecraft:dark_oak_sapling":1,"minecraft:loom":3,"minecraft:smooth_basalt":46,"minecraft:piston":6,"minecraft:deepslate":524,"minecraft:light_blue_wool":18,"minecraft:mossy_cobblestone":70,"minecraft:cherry_sapling":7,"minecraft:dark_oak_log":125,"minecraft:sea_lantern":4,"minecraft:end_stone":533,"minecraft:shulker_box":15,"minecraft:nether_bricks":22,"minecraft:spruce_fence":15,"minecraft:potted_bamboo":4,"minecraft:moss_block":326,"minecraft:kelp":1,"minecraft:redstone_ore":3,"minecraft:suspicious_sand":5,"minecraft:andesite":22,"minecraft:big_dripleaf_stem":1,"minecraft:cobblestone_slab":2,"minecraft:bamboo":68,"minecraft:bone_block":70,"minecraft:ender_chest":13,"minecraft:oak_slab":13,"minecraft:glass_pane":30,"minecraft:cherry_planks":55,"minecraft:soul_sand":14,"minecraft:observer":2,"minecraft:dandelion":1,"minecraft:smooth_sandstone":2,"minecraft:emerald_ore":12,"minecraft:lightning_rod":1,"minecraft:purpur_pillar":6,"minecraft:copper_ore":23,"minecraft:tall_grass":66,"minecraft:deepslate_gold_ore":22,"minecraft:diorite":15,"minecraft:big_dripleaf":6,"minecraft:dark_oak_wall_sign":1,"minecraft:spruce_log":1050,"minecraft:birch_leaves":16,"minecraft:gravel":19,"minecraft:cobweb":36,"minecraft:spruce_fence_gate":4,"minecraft:stone_bricks":44,"minecraft:gold_ore":3,"minecraft:spruce_planks":177,"minecraft:farmland":101,"minecraft:sculk_vein":9,"minecraft:cobblestone_stairs":26,"minecraft:brewing_stand":3,"minecraft:spruce_trapdoor":3,"minecraft:cave_vines_plant":1,"minecraft:grass_block":231,"minecraft:cracked_polished_blackstone_bricks":22,"minecraft:soul_soil":15,"minecraft:composter":9,"minecraft:smooth_stone":4,"minecraft:raw_iron_block":3,"minecraft:bamboo_wall_hanging_sign":2,"minecraft:iron_ore":302,"minecraft:anvil":1,"minecraft:dark_oak_stairs":47,"minecraft:azalea_leaves":1,"minecraft:azalea":22,"minecraft:end_stone_bricks":6,"minecraft:spruce_slab":51,"minecraft:deepslate_redstone_ore":3,"minecraft:blackstone":11,"minecraft:polished_deepslate_stairs":12,"minecraft:orange_terracotta":2,"minecraft:purpur_stairs":2,"minecraft:clay":9,"minecraft:calcite":543,"minecraft:poppy":4,"minecraft:chest":13,"minecraft:nether_quartz_ore":34,"minecraft:cobblestone":349,"minecraft:oak_planks":160,"minecraft:iron_door":8,"minecraft:wall_torch":15,"minecraft:pink_petals":134,"minecraft:spruce_wall_hanging_sign":3,"minecraft:seagrass":5,"minecraft:dark_oak_slab":37,"minecraft:cherry_door":3,"minecraft:light_gray_wool":1,"minecraft:purpur_block":14,"minecraft:oak_log":191,"minecraft:sand":177,"minecraft:dirt":287,"minecraft:bamboo_hanging_sign":7,"minecraft:netherrack":663,"minecraft:oak_leaves":780,"minecraft:nether_gold_ore":2,"minecraft:tuff":294,"minecraft:dark_oak_leaves":517,"minecraft:deepslate_diamond_ore":32,"minecraft:oak_door":17,"minecraft:bamboo_fence":6,"minecraft:stripped_cherry_log":10,"minecraft:bamboo_door":5,"minecraft:ladder":10,"minecraft:chiseled_bookshelf":1,"minecraft:decorated_pot":21,"minecraft:calibrated_sculk_sensor":1,"minecraft:spruce_leaves":188,"minecraft:large_fern":8,"minecraft:hay_block":278,"minecraft:spore_blossom":4,"minecraft:oak_trapdoor":6,"minecraft:furnace":3,"minecraft:spruce_sapling":9,"minecraft:stripped_spruce_log":70,"minecraft:black_concrete":1,"minecraft:gold_block":3,"minecraft:nether_brick_fence":5,"minecraft:polished_deepslate":54,"minecraft:potted_cherry_sapling":2,"minecraft:bookshelf":16,"minecraft:deepslate_iron_ore":107,"minecraft:lantern":2,"minecraft:stripped_oak_log":49,"minecraft:chorus_plant":3,"minecraft:oak_hanging_sign":1,"minecraft:stone":2024,"minecraft:cherry_stairs":32,"minecraft:podzol":12,"minecraft:flowering_azalea":12,"minecraft:magenta_stained_glass":4,"minecraft:snow_block":29,"minecraft:basalt":6,"minecraft:polished_granite":4,"minecraft:oak_fence":1,"minecraft:crafting_table":43,"minecraft:sculk_sensor":2,"minecraft:lectern":106,"minecraft:stone_slab":1,"minecraft:sculk":144,"minecraft:spruce_stairs":51,"minecraft:ice":334,"minecraft:coal_ore":144,"minecraft:cherry_leaves":768,"minecraft:end_rod":3,"minecraft:flower_pot":2,"minecraft:terracotta":3,"minecraft:small_dripleaf":4,"minecraft:mossy_stone_bricks":1},"minecraft:crafted":{"minecraft:ender_chest":2,"minecraft:smooth_stone":10,"minecraft:blaze_powder":18,"minecraft:chain":9,"minecraft:loom":1,"minecraft:diamond_shovel":1,"minecraft:bookshelf":28,"minecraft:cooked_mutton":35,"minecraft:shulker_box":3,"minecraft:deepslate_brick_stairs":4,"minecraft:glass":8,"minecraft:diamond_helmet":2,"minecraft:decorated_pot":10,"minecraft:white_shulker_box":1,"minecraft:flower_pot":4,"minecraft:bamboo_raft":1,"minecraft:emerald":696,"minecraft:cooked_porkchop":49,"minecraft:diamond_axe":3,"minecraft:spruce_door":3,"minecraft:smithing_table":1,"minecraft:copper_ingot":3,"minecraft:fletching_table":1,"minecraft:hay_block":56,"minecraft:polished_deepslate_slab":12,"minecraft:painting":3,"minecraft:light_gray_bed":1,"minecraft:end_stone_brick_slab":306,"minecraft:bamboo_planks":990,"minecraft:lectern":1,"minecraft:stone_slab":24,"minecraft:iron_pickaxe":10,"minecraft:iron_block":9,"minecraft:gold_ingot":25,"minecraft:composter":2,"minecraft:spruce_fence_gate":4,"minecraft:golden_carrot":72,"minecraft:jukebox":1,"minecraft:iron_nugget":99,"minecraft:spyglass":2,"minecraft:experience_bottle":35,"minecraft:diamond_hoe":2,"minecraft:soul_torch":4,"minecraft:bone_meal":681,"minecraft:spruce_fence":3,"minecraft:cherry_trapdoor":4,"minecraft:lantern":4,"minecraft:spruce_stairs":156,"minecraft:ladder":9,"minecraft:spruce_slab":96,"minecraft:cherry_stairs":8,"minecraft:ender_pearl":11,"minecraft:stone_pickaxe":4,"minecraft:diamond_boots":2,"minecraft:dark_oak_planks":364,"minecraft:wheat":2385,"minecraft:enchanting_table":1,"minecraft:red_bed":3,"minecraft:enchanted_book":16,"minecraft:light_blue_carpet":27,"minecraft:soul_lantern":4,"minecraft:oak_stairs":24,"minecraft:wooden_axe":1,"minecraft:iron_shovel":3,"minecraft:iron_leggings":1,"minecraft:white_bed":14,"minecraft:brick":36,"minecraft:grindstone":1,"minecraft:oak_planks":700,"minecraft:cobblestone_slab":222,"minecraft:barrel":3,"minecraft:dark_oak_boat":1,"minecraft:cherry_slab":12,"minecraft:calibrated_sculk_sensor":1,"minecraft:stone":17,"minecraft:cobblestone_stairs":24,"minecraft:bamboo_door":3,"minecraft:suspicious_stew":3,"minecraft:bamboo_block":663,"minecraft:cake":2,"minecraft:hopper":4,"minecraft:stone_brick_slab":36,"minecraft:bow":2,"minecraft:iron_boots":11,"minecraft:chest":24,"minecraft:rail":16,"minecraft:stone_hoe":11,"minecraft:ender_eye":17,"minecraft:stone_bricks":192,"minecraft:raw_iron_block":40,"minecraft:oak_slab":48,"minecraft:item_frame":1,"minecraft:crafting_table":9,"minecraft:spruce_planks":2736,"minecraft:wooden_pickaxe":1,"minecraft:iron_helmet":1,"minecraft:brush":1,"minecraft:spruce_trapdoor":10,"minecraft:dark_oak_slab":54,"minecraft:iron_chestplate":1,"minecraft:book":108,"minecraft:paper":564,"minecraft:diamond_pickaxe":1,"minecraft:shield":7,"minecraft:stick":7106,"minecraft:iron_ingot":474,"minecraft:deepslate_bricks":120,"minecraft:shears":4,"minecraft:cherry_planks":368,"minecraft:oak_door":3,"minecraft:raw_iron":387,"minecraft:bamboo_fence":6,"minecraft:furnace":8,"minecraft:bamboo_button":59,"minecraft:blast_furnace":2,"minecraft:piston":10,"minecraft:dark_oak_trapdoor":4,"minecraft:bamboo_sign":3,"minecraft:oak_trapdoor":18,"minecraft:end_stone_bricks":152,"minecraft:glass_pane":16,"minecraft:polished_deepslate":500,"minecraft:iron_axe":5,"minecraft:bamboo_hanging_sign":6,"minecraft:iron_hoe":2,"minecraft:chiseled_bookshelf":7,"minecraft:observer":10,"minecraft:minecart":1,"minecraft:cooked_beef":46,"minecraft:red_dye":3,"minecraft:diamond_sword":2,"minecraft:dark_oak_stairs":168,"minecraft:iron_sword":2,"minecraft:bucket":5,"minecraft:stone_axe":1,"minecraft:bread":83,"minecraft:air":0,"minecraft:oak_boat":2,"minecraft:white_dye":1,"minecraft:cherry_door":3,"minecraft:stonecutter":1,"minecraft:anvil":3,"minecraft:torch":40,"minecraft:bamboo_trapdoor":8,"minecraft:granite_slab":102,"minecraft:diamond_chestplate":1,"minecraft:firework_rocket":711},"minecraft:broken":{"minecraft:shears":2,"minecraft:golden_sword":1,"minecraft:iron_sword":1,"minecraft:iron_hoe":1,"minecraft:iron_axe":4,"minecraft:iron_pickaxe":9,"minecraft:golden_helmet":1,"minecraft:iron_shovel":2,"minecraft:stone_pickaxe":1,"minecraft:stone_axe":1}},"DataVersion":3465}