{"stats":{"minecraft:used":{"minecraft:stone_sword":13,"minecraft:iron_axe":6,"minecraft:oak_planks":2,"minecraft:stone_axe":89,"minecraft:cooked_beef":8,"minecraft:egg":1},"minecraft:custom":{"minecraft:time_since_rest":7308,"minecraft:interact_with_furnace":9,"minecraft:sprint_one_cm":195629,"minecraft:damage_taken":348,"minecraft:walk_one_cm":45819,"minecraft:mob_kills":54,"minecraft:damage_dealt":6427,"minecraft:traded_with_villager":1,"minecraft:talked_to_villager":21,"minecraft:swim_one_cm":20413,"minecraft:interact_with_cartography_table":1,"minecraft:interact_with_crafting_table":1,"minecraft:fly_one_cm":225298,"minecraft:open_chest":67,"minecraft:crouch_one_cm":320,"minecraft:play_time":37570,"minecraft:sneak_time":183,"minecraft:walk_under_water_one_cm":2710,"minecraft:boat_one_cm":30365,"minecraft:interact_with_blast_furnace":3,"minecraft:jump":1009,"minecraft:leave_game":3,"minecraft:walk_on_water_one_cm":2855,"minecraft:time_since_death":37570,"minecraft:interact_with_smoker":22,"minecraft:sleep_in_bed":3,"minecraft:total_world_time":37570,"minecraft:climb_one_cm":2686,"minecraft:fall_one_cm":25093},"minecraft:picked_up":{"minecraft:stick":12,"minecraft:wheat":1,"minecraft:leather":37,"minecraft:oak_log":9,"minecraft:white_bed":1,"minecraft:iron_axe":1,"minecraft:cooked_mutton":23,"minecraft:arrow":3,"minecraft:bone":1,"minecraft:beef":47,"minecraft:iron_ingot":16,"minecraft:iron_pickaxe":2,"minecraft:bamboo":205,"minecraft:mutton":27,"minecraft:white_wool":16,"minecraft:egg":1},"minecraft:killed":{"minecraft:horse":9,"minecraft:sheep":16,"minecraft:zombie":1,"minecraft:creeper":1,"minecraft:cow":26},"minecraft:mined":{"minecraft:spruce_sapling":1,"minecraft:grass":12,"minecraft:oak_log":9,"minecraft:tall_grass":2,"minecraft:bamboo":26,"minecraft:oak_leaves":4},"minecraft:crafted":{"minecraft:cooked_beef":39,"minecraft:oak_planks":36,"minecraft:emerald":1,"minecraft:stick":44,"minecraft:iron_ingot":8,"minecraft:wooden_pickaxe":1,"minecraft:stone_axe":1,"minecraft:air":0},"minecraft:broken":{"minecraft:stone_sword":1,"minecraft:stone_axe":1}},"DataVersion":3465}