{"stats":{"minecraft:custom":{"minecraft:interact_with_crafting_table":216,"minecraft:open_barrel":75,"minecraft:bell_ring":8,"minecraft:leave_game":51,"minecraft:time_since_death":6653,"minecraft:damage_blocked_by_shield":230,"minecraft:play_time":2363512,"minecraft:deaths":25,"minecraft:jump":42921,"minecraft:enchant_item":16,"minecraft:interact_with_furnace":99,"minecraft:traded_with_villager":1990,"minecraft:interact_with_cartography_table":7,"minecraft:sleep_in_bed":65,"minecraft:damage_dealt":122758,"minecraft:interact_with_smoker":66,"minecraft:horse_one_cm":6434704,"minecraft:interact_with_smithing_table":15,"minecraft:interact_with_anvil":34,"minecraft:inspect_hopper":3,"minecraft:sneak_time":119918,"minecraft:interact_with_blast_furnace":26,"minecraft:total_world_time":2363512,"minecraft:time_since_rest":6677,"minecraft:swim_one_cm":1361421,"minecraft:fly_one_cm":7460046,"minecraft:open_chest":1647,"minecraft:fall_one_cm":1092464,"minecraft:animals_bred":131,"minecraft:damage_resisted":148,"minecraft:sprint_one_cm":5313092,"minecraft:drop":871,"minecraft:talked_to_villager":1285,"minecraft:walk_on_water_one_cm":327053,"minecraft:open_enderchest":3,"minecraft:crouch_one_cm":592452,"minecraft:mob_kills":1159,"minecraft:climb_one_cm":245698,"minecraft:walk_one_cm":4607392,"minecraft:raid_win":3,"minecraft:walk_under_water_one_cm":737526,"minecraft:boat_one_cm":2055920,"minecraft:raid_trigger":4,"minecraft:interact_with_grindstone":15,"minecraft:damage_taken":28155,"minecraft:damage_absorbed":320},"minecraft:killed_by":{"minecraft:pillager":1,"minecraft:warden":13,"minecraft:blaze":1},"minecraft:used":{"minecraft:moss_block":46,"minecraft:nether_brick_fence":1,"minecraft:spruce_slab":226,"minecraft:ladder":36,"minecraft:chest":64,"minecraft:stone":3,"minecraft:rotten_flesh":8,"minecraft:azure_bluet":2,"minecraft:spruce_boat":9,"minecraft:cherry_leaves":172,"minecraft:bow":5,"minecraft:dark_oak_boat":4,"minecraft:furnace":3,"minecraft:egg":71,"minecraft:potato":64,"minecraft:diorite":17,"minecraft:prismarine":2,"minecraft:blackstone":64,"minecraft:purpur_pillar":4,"minecraft:glow_berries":3,"minecraft:blast_furnace":3,"minecraft:deepslate_tiles":1,"minecraft:lectern":254,"minecraft:cherry_sign":1,"minecraft:soul_lantern":28,"minecraft:diamond_sword":1201,"minecraft:smithing_table":3,"minecraft:oak_boat":8,"minecraft:oak_trapdoor":2,"minecraft:enchanting_table":2,"minecraft:stone_sword":61,"minecraft:netherrack":205,"minecraft:torch":200,"minecraft:anvil":3,"minecraft:chainmail_chestplate":1,"minecraft:golden_shovel":32,"minecraft:flowering_azalea":1,"minecraft:iron_axe":2171,"minecraft:spruce_button":2,"minecraft:totem_of_undying":1,"minecraft:barrel":3,"minecraft:bamboo":12,"minecraft:diamond_chestplate":3,"minecraft:cobbled_deepslate":434,"minecraft:cherry_log":8,"minecraft:wheat_seeds":1873,"minecraft:water_bucket":1,"minecraft:cherry_planks":361,"minecraft:fletching_table":10,"minecraft:deepslate_bricks":2,"minecraft:oak_slab":1,"minecraft:crafting_table":15,"minecraft:red_bed":2,"minecraft:sculk_shrieker":1,"minecraft:white_bed":28,"minecraft:campfire":128,"minecraft:spruce_log":81,"minecraft:oak_log":4,"minecraft:dark_prismarine":1,"minecraft:diamond_pickaxe":2954,"minecraft:iron_pickaxe":2367,"minecraft:cherry_chest_boat":3,"minecraft:spruce_sapling":471,"minecraft:cobblestone":582,"minecraft:potion":1,"minecraft:stripped_oak_log":19,"minecraft:dandelion":2,"minecraft:diamond_leggings":4,"minecraft:cherry_sapling":146,"minecraft:moss_carpet":1,"minecraft:iron_shovel":70,"minecraft:diamond_hoe":33,"minecraft:oak_sign":1,"minecraft:decorated_pot":3,"minecraft:shield":4,"minecraft:iron_sword":718,"minecraft:iron_chestplate":4,"minecraft:nether_bricks":1,"minecraft:carrot":58,"minecraft:tuff":5,"minecraft:obsidian":10,"minecraft:glass":122,"minecraft:spruce_wood":4,"minecraft:lantern":100,"minecraft:iron_helmet":5,"minecraft:dark_oak_wood":4,"minecraft:crimson_roots":1,"minecraft:scaffolding":9,"minecraft:dark_oak_sapling":50,"minecraft:diamond_boots":3,"minecraft:gray_carpet":3,"minecraft:stone_pickaxe":131,"minecraft:oak_planks":12,"minecraft:ender_pearl":22,"minecraft:diamond_axe":7689,"minecraft:white_wool":2,"minecraft:end_stone":5,"minecraft:dark_oak_log":257,"minecraft:bread":151,"minecraft:golden_helmet":1,"minecraft:grindstone":2,"minecraft:andesite":1,"minecraft:bone_meal":545,"minecraft:experience_bottle":13,"minecraft:cherry_boat":25,"minecraft:flint_and_steel":3,"minecraft:cracked_deepslate_bricks":3,"minecraft:stone_shovel":56,"minecraft:spruce_planks":639,"minecraft:wooden_shovel":124,"minecraft:stone_hoe":131,"minecraft:cooked_chicken":25,"minecraft:dirt":219,"minecraft:spruce_stairs":147,"minecraft:diamond_helmet":5,"minecraft:spruce_fence":126,"minecraft:granite":2,"minecraft:dark_oak_planks":1,"minecraft:bookshelf":31,"minecraft:cherry_trapdoor":2,"minecraft:iron_boots":6,"minecraft:light_gray_wool":1,"minecraft:deepslate_tile_stairs":1,"minecraft:cooked_beef":142,"minecraft:enchanted_golden_apple":2,"minecraft:light_gray_bed":9,"minecraft:iron_leggings":4,"minecraft:cooked_mutton":164,"minecraft:iron_ore":7,"minecraft:cobblestone_slab":10,"minecraft:stripped_dark_oak_log":125,"minecraft:bamboo_block":3,"minecraft:painting":8,"minecraft:smoker":1,"minecraft:dark_oak_door":21,"minecraft:book":7,"minecraft:apple":1,"minecraft:map":1,"minecraft:stone_axe":373,"minecraft:pink_petals":48,"minecraft:cherry_stairs":343,"minecraft:white_banner":6,"minecraft:bucket":1,"minecraft:gray_wool":6,"minecraft:soul_torch":19},"minecraft:killed":{"minecraft:cave_spider":2,"minecraft:skeleton":28,"minecraft:guardian":23,"minecraft:chicken":2,"minecraft:elder_guardian":3,"minecraft:pillager":655,"minecraft:zombie":46,"minecraft:glow_squid":1,"minecraft:cow":73,"minecraft:evoker":2,"minecraft:vindicator":25,"minecraft:horse":6,"minecraft:warden":1,"minecraft:ravager":2,"minecraft:enderman":19,"minecraft:witch":12,"minecraft:spider":10,"minecraft:piglin":12,"minecraft:pig":2,"minecraft:zombie_villager":2,"minecraft:creeper":1,"minecraft:sheep":132,"minecraft:blaze":11,"minecraft:vex":1,"minecraft:drowned":11,"minecraft:hoglin":7},"minecraft:dropped":{"minecraft:iron_sword":1,"minecraft:porkchop":15,"minecraft:cooked_beef":19,"minecraft:glow_ink_sac":3,"minecraft:glass_bottle":1,"minecraft:diamond":1,"minecraft:dark_oak_slab":2,"minecraft:crossbow":26,"minecraft:cookie":2,"minecraft:saddle":3,"minecraft:emerald":307,"minecraft:dirt":55,"minecraft:sugar":1,"minecraft:iron_pickaxe":5,"minecraft:white_wool":27,"minecraft:bone":21,"minecraft:stone_axe":154,"minecraft:compass":2,"minecraft:sugar_cane":5,"minecraft:cobbled_deepslate":71,"minecraft:birch_sapling":1,"minecraft:wheat":11,"minecraft:rotten_flesh":72,"minecraft:oak_planks":11,"minecraft:azure_bluet":1,"minecraft:white_bed":2,"minecraft:echo_shard":8,"minecraft:chiseled_deepslate":1,"minecraft:tipped_arrow":1,"minecraft:deepslate_tiles":1,"minecraft:spruce_slab":2,"minecraft:crying_obsidian":2,"minecraft:egg":2,"minecraft:enchanted_book":9,"minecraft:golden_boots":1,"minecraft:iron_ingot":16,"minecraft:wheat_seeds":1647,"minecraft:sculk_shrieker":3,"minecraft:iron_helmet":1,"minecraft:feather":1,"minecraft:cobblestone":207,"minecraft:prismarine_crystals":7,"minecraft:book":2,"minecraft:granite":52,"minecraft:spruce_button":64,"minecraft:coal":16,"minecraft:gray_wool":3,"minecraft:sculk":17,"minecraft:ink_sac":3,"minecraft:cherry_planks":64,"minecraft:diamond_helmet":1,"minecraft:potion":2,"minecraft:white_banner":30,"minecraft:iron_shovel":1,"minecraft:string":7,"minecraft:spruce_sapling":172,"minecraft:soul_torch":23,"minecraft:stone_shovel":104,"minecraft:chicken":4,"minecraft:iron_boots":3,"minecraft:spruce_fence":91,"minecraft:shears":1,"minecraft:cobblestone_slab":1,"minecraft:potato":2,"minecraft:spruce_boat":1,"minecraft:stone":9,"minecraft:spruce_planks":55,"minecraft:diamond_pickaxe":1,"minecraft:wooden_shovel":3,"minecraft:spider_eye":7,"minecraft:bamboo":447,"minecraft:bow":5,"minecraft:magma_block":3,"minecraft:dark_prismarine":5,"minecraft:soul_sand":4,"minecraft:brown_mushroom":11,"minecraft:warped_fungus":1,"minecraft:oak_log":2,"minecraft:dark_oak_sapling":14,"minecraft:leather":15,"minecraft:cod":19,"minecraft:cherry_trapdoor":1,"minecraft:mutton":1,"minecraft:crimson_roots":16,"minecraft:pumpkin_pie":1,"minecraft:wet_sponge":5,"minecraft:gravel":43,"minecraft:blackstone":12,"minecraft:cherry_stairs":2,"minecraft:cherry_sapling":36,"minecraft:prismarine":25,"minecraft:cooked_mutton":23,"minecraft:ward_armor_trim_smithing_template":1,"minecraft:chainmail_chestplate":2,"minecraft:chest":4,"minecraft:arrow":13,"minecraft:prismarine_bricks":13,"minecraft:netherrack":82,"minecraft:bread":182,"minecraft:diamond_leggings":1,"minecraft:poisonous_potato":1,"minecraft:prismarine_shard":35,"minecraft:copper_ingot":2,"minecraft:stick":292,"minecraft:cherry_sign":3,"minecraft:deepslate_brick_stairs":1,"minecraft:diorite":19,"minecraft:torch":1,"minecraft:sculk_catalyst":2,"minecraft:iron_leggings":6,"minecraft:iron_axe":2,"minecraft:bucket":1,"minecraft:dandelion":16,"minecraft:raw_copper":25,"minecraft:tuff":9,"minecraft:raw_iron":68,"minecraft:light_gray_wool":7,"minecraft:filled_map":2,"minecraft:diamond_chestplate":1,"minecraft:iron_chestplate":2,"minecraft:andesite":22,"minecraft:oak_sapling":3,"minecraft:diamond_boots":1,"minecraft:spruce_log":65},"minecraft:crafted":{"minecraft:dark_oak_wood":6,"minecraft:bookshelf":34,"minecraft:cooked_mutton":200,"minecraft:glass":97,"minecraft:diamond_helmet":6,"minecraft:diamond_leggings":7,"minecraft:wooden_shovel":4,"minecraft:emerald":1669,"minecraft:diamond_axe":6,"minecraft:smithing_table":1,"minecraft:copper_ingot":2,"minecraft:dune_armor_trim_smithing_template":8,"minecraft:fletching_table":3,"minecraft:cherry_chest_boat":1,"minecraft:campfire":128,"minecraft:lectern":4,"minecraft:cherry_sign":3,"minecraft:iron_pickaxe":13,"minecraft:iron_block":3,"minecraft:sandstone":4,"minecraft:stone_shovel":102,"minecraft:iron_nugget":648,"minecraft:bone_meal":495,"minecraft:spruce_fence":135,"minecraft:lantern":54,"minecraft:spruce_stairs":84,"minecraft:ladder":33,"minecraft:spruce_slab":294,"minecraft:cherry_stairs":236,"minecraft:stone_pickaxe":1,"minecraft:diamond_boots":6,"minecraft:spruce_boat":1,"minecraft:dark_oak_planks":120,"minecraft:wheat":261,"minecraft:ward_armor_trim_smithing_template":2,"minecraft:enchanting_table":1,"minecraft:enchanted_book":24,"minecraft:soul_lantern":27,"minecraft:iron_shovel":1,"minecraft:iron_leggings":3,"minecraft:oak_planks":8,"minecraft:barrel":2,"minecraft:dark_oak_boat":1,"minecraft:cherry_slab":12,"minecraft:cherry_boat":1,"minecraft:stone":3,"minecraft:dark_oak_door":21,"minecraft:iron_boots":2,"minecraft:chest":53,"minecraft:crafting_table":12,"minecraft:spruce_planks":25447,"minecraft:iron_helmet":3,"minecraft:brush":3,"minecraft:iron_chestplate":1,"minecraft:book":64,"minecraft:paper":1650,"minecraft:diamond_pickaxe":8,"minecraft:charcoal":3,"minecraft:shield":2,"minecraft:stick":50459,"minecraft:iron_ingot":24,"minecraft:cherry_planks":1704,"minecraft:spruce_button":130,"minecraft:furnace":2,"minecraft:flint_and_steel":1,"minecraft:iron_axe":14,"minecraft:spruce_wood":6,"minecraft:cooked_beef":167,"minecraft:diamond_sword":1,"minecraft:iron_sword":6,"minecraft:bucket":1,"minecraft:stone_axe":150,"minecraft:air":0,"minecraft:bread":347,"minecraft:white_wool":3,"minecraft:anvil":1,"minecraft:torch":108,"minecraft:diamond_chestplate":7},"minecraft:picked_up":{"minecraft:iron_chestplate":10,"minecraft:anvil":2,"minecraft:prismarine_shard":51,"minecraft:diamond_sword":1,"minecraft:smithing_table":2,"minecraft:lead":3,"minecraft:enchanted_book":17,"minecraft:music_disc_cat":2,"minecraft:string":11,"minecraft:sculk_shrieker":15,"minecraft:cherry_boat":21,"minecraft:diamond_leggings":12,"minecraft:cobbled_deepslate":531,"minecraft:spruce_planks":422,"minecraft:enchanted_golden_apple":3,"minecraft:dark_oak_door":2,"minecraft:golden_helmet":1,"minecraft:purpur_pillar":4,"minecraft:cherry_log":989,"minecraft:deepslate_tile_stairs":1,"minecraft:bamboo_block":3,"minecraft:light_gray_bed":8,"minecraft:blaze_rod":7,"minecraft:magma_block":3,"minecraft:feather":13,"minecraft:cooked_beef":711,"minecraft:dark_oak_boat":4,"minecraft:smoker":1,"minecraft:flint":6,"minecraft:stripped_spruce_wood":4,"minecraft:map":1,"minecraft:disc_fragment_5":29,"minecraft:lantern":183,"minecraft:cherry_chest_boat":2,"minecraft:diamond_helmet":1,"minecraft:moss_block":10,"minecraft:stripped_spruce_log":76,"minecraft:ink_sac":3,"minecraft:dark_oak_log":429,"minecraft:barrel":1,"minecraft:granite":70,"minecraft:bread":351,"minecraft:crimson_roots":17,"minecraft:diamond_pickaxe":13,"minecraft:crafting_table":5,"minecraft:stripped_cherry_log":1,"minecraft:flint_and_steel":11,"minecraft:red_bed":2,"minecraft:compass":5,"minecraft:iron_shovel":2,"minecraft:beef":313,"minecraft:spruce_slab":36,"minecraft:chest":21,"minecraft:birch_sapling":1,"minecraft:diamond_hoe":15,"minecraft:egg":83,"minecraft:stone":9,"minecraft:spruce_fence":104,"minecraft:carrot":185,"minecraft:redstone":46,"minecraft:prismarine_crystals":21,"minecraft:diamond_chestplate":11,"minecraft:stone_shovel":6,"minecraft:decorated_pot":3,"minecraft:diamond_boots":1,"minecraft:deepslate_bricks":4,"minecraft:hay_block":59,"minecraft:cracked_deepslate_bricks":4,"minecraft:totem_of_undying":12,"minecraft:mutton":287,"minecraft:glow_berries":3,"minecraft:white_wool":94,"minecraft:stripped_oak_log":19,"minecraft:filled_map":1,"minecraft:oak_log":8,"minecraft:golden_boots":1,"minecraft:white_banner":37,"minecraft:apple":2,"minecraft:kelp":57,"minecraft:iron_sword":15,"minecraft:flowering_azalea":1,"minecraft:dark_oak_slab":2,"minecraft:sculk":101,"minecraft:gravel":45,"minecraft:spruce_sapling":649,"minecraft:spruce_log":6880,"minecraft:crying_obsidian":12,"minecraft:stone_axe":16,"minecraft:painting":8,"minecraft:diamond_axe":12,"minecraft:gray_wool":20,"minecraft:stripped_dark_oak_log":132,"minecraft:ender_pearl":47,"minecraft:chiseled_deepslate":1,"minecraft:wheat":1535,"minecraft:nether_brick_fence":1,"minecraft:potion":5,"minecraft:raw_copper":153,"minecraft:iron_leggings":10,"minecraft:experience_bottle":7,"minecraft:oak_sign":1,"minecraft:deepslate_tiles":5,"minecraft:bucket":5,"minecraft:cobblestone_slab":11,"minecraft:iron_pickaxe":33,"minecraft:iron_boots":17,"minecraft:furnace":1,"minecraft:tipped_arrow":2,"minecraft:stick":2424,"minecraft:torch":541,"minecraft:spruce_stairs":86,"minecraft:porkchop":15,"minecraft:diorite":74,"minecraft:rotten_flesh":74,"minecraft:deepslate_brick_stairs":1,"minecraft:obsidian":12,"minecraft:cod":34,"minecraft:cobblestone":5313,"minecraft:enchanting_table":1,"minecraft:pink_petals":49,"minecraft:cherry_planks":119,"minecraft:andesite":23,"minecraft:potato":347,"minecraft:tuff":38,"minecraft:prismarine_bricks":14,"minecraft:lapis_lazuli":225,"minecraft:dirt":438,"minecraft:name_tag":7,"minecraft:glass":32,"minecraft:bone":77,"minecraft:bow":5,"minecraft:wheat_seeds":3158,"minecraft:grindstone":2,"minecraft:bamboo":2610,"minecraft:fletching_table":7,"minecraft:prismarine":29,"minecraft:oak_planks":36,"minecraft:music_disc_13":3,"minecraft:poisonous_potato":1,"minecraft:sand":82,"minecraft:spectral_arrow":21,"minecraft:dark_prismarine":6,"minecraft:sugar":5,"minecraft:diamond":101,"minecraft:spruce_boat":15,"minecraft:soul_lantern":1,"minecraft:crossbow":28,"minecraft:emerald":599,"minecraft:oak_sapling":3,"minecraft:netherrack":287,"minecraft:charcoal":74,"minecraft:azure_bluet":3,"minecraft:chicken":4,"minecraft:ladder":3,"minecraft:brown_mushroom":11,"minecraft:gold_block":8,"minecraft:diamond_horse_armor":3,"minecraft:shield":1,"minecraft:oak_trapdoor":2,"minecraft:moss_carpet":1,"minecraft:iron_axe":4,"minecraft:blackstone":76,"minecraft:candle":8,"minecraft:echo_shard":16,"minecraft:oak_boat":8,"minecraft:light_gray_wool":35,"minecraft:lectern":250,"minecraft:sugar_cane":392,"minecraft:cherry_trapdoor":6,"minecraft:dark_oak_sapling":38,"minecraft:raw_iron":110,"minecraft:end_stone":25,"minecraft:cherry_stairs":113,"minecraft:copper_ingot":2,"minecraft:cookie":2,"minecraft:dark_oak_planks":20,"minecraft:arrow":22,"minecraft:pumpkin_pie":2,"minecraft:nether_bricks":1,"minecraft:ward_armor_trim_smithing_template":11,"minecraft:saddle":20,"minecraft:wet_sponge":37,"minecraft:cracked_deepslate_tiles":2,"minecraft:glow_ink_sac":32,"minecraft:leather":148,"minecraft:chainmail_chestplate":1,"minecraft:gunpowder":4,"minecraft:cooked_mutton":68,"minecraft:coast_armor_trim_smithing_template":4,"minecraft:gray_carpet":5,"minecraft:iron_ingot":499,"minecraft:cooked_chicken":13,"minecraft:soul_sand":4,"minecraft:scaffolding":9,"minecraft:book":147,"minecraft:sculk_catalyst":3,"minecraft:oak_slab":1,"minecraft:warped_fungus":1,"minecraft:brush":28,"minecraft:dandelion":18,"minecraft:amethyst_shard":29,"minecraft:soul_torch":134,"minecraft:blast_furnace":3,"minecraft:white_bed":39,"minecraft:spider_eye":7,"minecraft:sculk_sensor":2,"minecraft:chainmail_leggings":2,"minecraft:iron_helmet":13,"minecraft:cherry_sapling":329,"minecraft:coal":407},"minecraft:mined":{"minecraft:dark_oak_planks":18,"minecraft:white_bed":37,"minecraft:cherry_log":916,"minecraft:obsidian":2,"minecraft:granite":70,"minecraft:light_gray_bed":7,"minecraft:deepslate_bricks":5,"minecraft:deepslate_tile_stairs":1,"minecraft:bamboo_block":3,"minecraft:oak_wall_sign":1,"minecraft:spawner":1,"minecraft:magma_block":3,"minecraft:fire":12,"minecraft:barrel":1,"minecraft:cobbled_deepslate":19,"minecraft:moss_carpet":1,"minecraft:fletching_table":7,"minecraft:deepslate_lapis_ore":10,"minecraft:enchanting_table":1,"minecraft:sculk_shrieker":18,"minecraft:dirt_path":1,"minecraft:deepslate_brick_stairs":1,"minecraft:soul_wall_torch":4,"minecraft:brown_mushroom":11,"minecraft:red_bed":2,"minecraft:kelp_plant":1,"minecraft:amethyst_cluster":7,"minecraft:crimson_nylium":38,"minecraft:smoker":1,"minecraft:soul_fire":3,"minecraft:powder_snow":29,"minecraft:torch":53,"minecraft:blast_furnace":3,"minecraft:glass":45,"minecraft:sugar_cane":232,"minecraft:wheat":1743,"minecraft:grass":77,"minecraft:dark_oak_sapling":14,"minecraft:deepslate":452,"minecraft:deepslate_tiles":5,"minecraft:dark_prismarine":6,"minecraft:cherry_sapling":79,"minecraft:dark_oak_log":429,"minecraft:end_stone":25,"minecraft:nether_bricks":1,"minecraft:spruce_fence":45,"minecraft:crimson_roots":3,"minecraft:moss_block":10,"minecraft:andesite":23,"minecraft:potatoes":93,"minecraft:cobblestone_slab":11,"minecraft:bamboo":176,"minecraft:white_wool":1,"minecraft:smithing_table":1,"minecraft:oak_slab":1,"minecraft:glass_pane":1,"minecraft:cherry_planks":112,"minecraft:soul_sand":2,"minecraft:campfire":5,"minecraft:purpur_pillar":4,"minecraft:copper_ore":26,"minecraft:tall_grass":12,"minecraft:cracked_deepslate_bricks":4,"minecraft:diorite":66,"minecraft:stripped_spruce_wood":4,"minecraft:spruce_log":6829,"minecraft:birch_leaves":2,"minecraft:gravel":13,"minecraft:spruce_planks":305,"minecraft:sculk_vein":14,"minecraft:grass_block":64,"minecraft:sculk_catalyst":1,"minecraft:iron_ore":25,"minecraft:anvil":2,"minecraft:azure_bluet":1,"minecraft:spruce_slab":31,"minecraft:deepslate_redstone_ore":8,"minecraft:soul_lantern":1,"minecraft:chest":19,"minecraft:cobblestone":231,"minecraft:grindstone":2,"minecraft:prismarine":28,"minecraft:oak_planks":88,"minecraft:wall_torch":117,"minecraft:pink_petals":24,"minecraft:dark_oak_slab":1,"minecraft:dark_oak_door":1,"minecraft:cracked_deepslate_tiles":2,"minecraft:oak_log":6,"minecraft:sand":82,"minecraft:dirt":204,"minecraft:netherrack":232,"minecraft:oak_leaves":18,"minecraft:crying_obsidian":4,"minecraft:tuff":19,"minecraft:dark_oak_leaves":26,"minecraft:deepslate_diamond_ore":25,"minecraft:stripped_cherry_log":1,"minecraft:ladder":3,"minecraft:glow_lichen":3,"minecraft:decorated_pot":3,"minecraft:spruce_leaves":202,"minecraft:oak_trapdoor":1,"minecraft:spruce_sapling":121,"minecraft:furnace":1,"minecraft:carrots":50,"minecraft:stripped_spruce_log":102,"minecraft:chiseled_deepslate":1,"minecraft:gold_block":8,"minecraft:nether_brick_fence":1,"minecraft:bookshelf":10,"minecraft:deepslate_iron_ore":33,"minecraft:lantern":60,"minecraft:stripped_oak_log":19,"minecraft:wet_sponge":34,"minecraft:stone":3747,"minecraft:cherry_stairs":114,"minecraft:podzol":3,"minecraft:scaffolding":2,"minecraft:flowering_azalea":1,"minecraft:stripped_dark_oak_log":133,"minecraft:crafting_table":4,"minecraft:sculk_sensor":9,"minecraft:lectern":248,"minecraft:lapis_ore":1,"minecraft:sculk":148,"minecraft:prismarine_bricks":15,"minecraft:spruce_stairs":86,"minecraft:gray_wool":17,"minecraft:bee_nest":1,"minecraft:coal_ore":145,"minecraft:cherry_leaves":210,"minecraft:gray_carpet":5,"minecraft:mossy_stone_bricks":1},"minecraft:broken":{"minecraft:wooden_shovel":1,"minecraft:iron_sword":2,"minecraft:chainmail_leggings":1,"minecraft:stone_sword":1,"minecraft:stone_hoe":1,"minecraft:iron_axe":6,"minecraft:iron_pickaxe":9,"minecraft:golden_shovel":1,"minecraft:stone_pickaxe":1,"minecraft:stone_axe":3,"minecraft:diamond_axe":2}},"DataVersion":3465}