{"stats":{"minecraft:mined":{"minecraft:dark_oak_planks":3,"minecraft:dragon_wall_head":1,"minecraft:white_bed":2,"minecraft:cherry_log":35,"minecraft:jungle_leaves":2,"minecraft:obsidian":24,"minecraft:granite":82,"minecraft:jungle_log":17,"minecraft:purpur_slab":1,"minecraft:oxeye_daisy":1,"minecraft:nether_wart":2,"minecraft:chiseled_stone_bricks":1,"minecraft:spawner":2,"minecraft:polished_blackstone_bricks":226,"minecraft:tall_seagrass":1,"minecraft:magma_block":24,"minecraft:fire":56,"minecraft:sticky_piston":4,"minecraft:cobbled_deepslate":55,"minecraft:deepslate_lapis_ore":5,"minecraft:sculk_shrieker":6,"minecraft:oak_sign":1,"minecraft:oak_stairs":2,"minecraft:red_bed":4,"minecraft:kelp_plant":2,"minecraft:amethyst_cluster":3,"minecraft:soul_fire":12,"minecraft:torch":46,"minecraft:melon":4,"minecraft:dead_bush":1,"minecraft:sugar_cane":105,"minecraft:wheat":1334,"minecraft:grass":338,"minecraft:deepslate":2663,"minecraft:suspicious_gravel":1,"minecraft:mossy_cobblestone":12,"minecraft:cherry_sapling":1,"minecraft:dark_oak_log":163,"minecraft:shulker_box":5,"minecraft:end_stone":233,"minecraft:nether_bricks":18,"minecraft:spruce_fence":1,"minecraft:jungle_planks":8,"minecraft:redstone_wire":1,"minecraft:kelp":2,"minecraft:redstone_ore":2,"minecraft:suspicious_sand":1,"minecraft:andesite":28,"minecraft:potatoes":166,"minecraft:vine":1,"minecraft:cobblestone_slab":21,"minecraft:bamboo_sapling":5,"minecraft:bamboo":114,"minecraft:white_wool":1,"minecraft:oak_slab":1,"minecraft:cherry_planks":9,"minecraft:soul_sand":46,"minecraft:dandelion":14,"minecraft:warped_roots":3,"minecraft:purpur_pillar":6,"minecraft:tall_grass":73,"minecraft:deepslate_gold_ore":25,"minecraft:diorite":51,"minecraft:spruce_log":5,"minecraft:gravel":102,"minecraft:cobweb":10,"minecraft:stone_bricks":2,"minecraft:fern":1,"minecraft:spruce_planks":20,"minecraft:oak_sapling":10,"minecraft:farmland":1,"minecraft:cobbled_deepslate_stairs":8,"minecraft:sculk_vein":7,"minecraft:grass_block":961,"minecraft:cracked_polished_blackstone_bricks":183,"minecraft:soul_soil":32,"minecraft:iron_ore":51,"minecraft:iron_bars":1,"minecraft:end_stone_bricks":9,"minecraft:spruce_slab":1,"minecraft:deepslate_redstone_ore":25,"minecraft:blackstone":65,"minecraft:twisting_vines_plant":1,"minecraft:purpur_stairs":2,"minecraft:poppy":7,"minecraft:chest":5,"minecraft:nether_quartz_ore":2,"minecraft:cobblestone":62,"minecraft:oak_planks":17,"minecraft:wall_torch":11,"minecraft:pink_petals":1,"minecraft:seagrass":1,"minecraft:warped_nylium":10,"minecraft:dark_oak_slab":1,"minecraft:nether_wart_block":1,"minecraft:birch_log":107,"minecraft:light_gray_wool":10,"minecraft:purpur_block":15,"minecraft:oak_log":561,"minecraft:beetroots":6,"minecraft:sand":103,"minecraft:dirt":351,"minecraft:ancient_debris":10,"minecraft:netherrack":1528,"minecraft:oak_leaves":208,"minecraft:nether_gold_ore":19,"minecraft:crying_obsidian":2,"minecraft:tuff":394,"minecraft:blackstone_wall":4,"minecraft:dark_oak_leaves":20,"minecraft:deepslate_diamond_ore":124,"minecraft:stripped_cherry_log":1,"minecraft:lever":2,"minecraft:sandstone":12,"minecraft:hay_block":1,"minecraft:furnace":5,"minecraft:carrots":68,"minecraft:gold_block":22,"minecraft:bookshelf":3,"minecraft:deepslate_iron_ore":44,"minecraft:lantern":2,"minecraft:chorus_plant":1,"minecraft:stone":1399,"minecraft:magenta_stained_glass":2,"minecraft:infested_stone_bricks":1,"minecraft:basalt":61,"minecraft:oak_fence":2,"minecraft:crafting_table":14,"minecraft:blackstone_slab":2,"minecraft:sculk_sensor":1,"minecraft:stone_slab":18,"minecraft:lapis_ore":16,"minecraft:polished_blackstone_brick_stairs":1,"minecraft:sculk":25,"minecraft:sweet_berry_bush":1,"minecraft:white_wall_banner":1,"minecraft:bee_nest":1,"minecraft:coal_ore":119,"minecraft:cherry_leaves":19,"minecraft:mossy_stone_bricks":1},"minecraft:crafted":{"minecraft:ender_chest":1,"minecraft:oak_sign":15,"minecraft:blaze_powder":4,"minecraft:diamond_shovel":2,"minecraft:bookshelf":3,"minecraft:shulker_box":3,"minecraft:cooked_mutton":36,"minecraft:glass":64,"minecraft:diamond_helmet":2,"minecraft:diamond_leggings":2,"minecraft:emerald":95,"minecraft:cooked_porkchop":8,"minecraft:diamond_axe":3,"minecraft:smithing_table":1,"minecraft:stone_slab":384,"minecraft:iron_pickaxe":14,"minecraft:gold_ingot":210,"minecraft:netherite_ingot":4,"minecraft:stone_shovel":1,"minecraft:diamond_hoe":1,"minecraft:bone_meal":24,"minecraft:white_carpet":3,"minecraft:spruce_slab":6,"minecraft:red_shulker_box":1,"minecraft:stone_pickaxe":4,"minecraft:diamond_boots":2,"minecraft:cobbled_deepslate_stairs":276,"minecraft:spruce_boat":1,"minecraft:dark_oak_planks":640,"minecraft:enchanting_table":1,"minecraft:dried_kelp":36,"minecraft:enchanted_book":10,"minecraft:oak_stairs":24,"minecraft:iron_shovel":2,"minecraft:iron_leggings":3,"minecraft:white_bed":2,"minecraft:grindstone":1,"minecraft:oak_planks":888,"minecraft:cobblestone_slab":340,"minecraft:cherry_boat":2,"minecraft:iron_boots":2,"minecraft:chest":7,"minecraft:netherite_upgrade_smithing_template":12,"minecraft:ender_eye":4,"minecraft:oak_fence":6,"minecraft:smoker":2,"minecraft:oak_slab":18,"minecraft:crafting_table":16,"minecraft:spruce_planks":44,"minecraft:wooden_pickaxe":2,"minecraft:baked_potato":99,"minecraft:iron_helmet":2,"minecraft:birch_planks":88,"minecraft:iron_chestplate":3,"minecraft:book":1,"minecraft:paper":66,"minecraft:diamond_pickaxe":2,"minecraft:shield":6,"minecraft:stick":772,"minecraft:iron_ingot":183,"minecraft:shears":3,"minecraft:cherry_planks":48,"minecraft:oak_door":3,"minecraft:netherite_sword":1,"minecraft:leather_boots":1,"minecraft:golden_chestplate":1,"minecraft:furnace":5,"minecraft:dark_oak_trapdoor":42,"minecraft:glass_pane":80,"minecraft:flint_and_steel":2,"minecraft:netherite_chestplate":2,"minecraft:netherite_leggings":1,"minecraft:iron_axe":4,"minecraft:iron_hoe":3,"minecraft:netherite_scrap":10,"minecraft:cooked_beef":14,"minecraft:red_dye":1,"minecraft:diamond_sword":2,"minecraft:iron_sword":1,"minecraft:bucket":4,"minecraft:stone_axe":3,"minecraft:air":0,"minecraft:bread":136,"minecraft:jungle_planks":68,"minecraft:oak_boat":4,"minecraft:torch":172,"minecraft:diamond_chestplate":2,"minecraft:firework_rocket":54},"minecraft:broken":{"minecraft:iron_hoe":2,"minecraft:wooden_pickaxe":1,"minecraft:iron_axe":1,"minecraft:iron_pickaxe":9,"minecraft:iron_shovel":1,"minecraft:stone_pickaxe":2,"minecraft:stone_shovel":1},"minecraft:custom":{"minecraft:interact_with_crafting_table":153,"minecraft:open_barrel":4,"minecraft:bell_ring":4,"minecraft:leave_game":75,"minecraft:time_since_death":124053,"minecraft:damage_blocked_by_shield":3000,"minecraft:play_time":2098508,"minecraft:deaths":37,"minecraft:jump":36443,"minecraft:enchant_item":24,"minecraft:interact_with_furnace":92,"minecraft:traded_with_villager":108,"minecraft:sleep_in_bed":36,"minecraft:damage_dealt":76826,"minecraft:interact_with_smoker":17,"minecraft:horse_one_cm":23465,"minecraft:interact_with_smithing_table":6,"minecraft:interact_with_anvil":6,"minecraft:inspect_hopper":10,"minecraft:sneak_time":142059,"minecraft:total_world_time":2098508,"minecraft:time_since_rest":48156,"minecraft:swim_one_cm":508607,"minecraft:fly_one_cm":7613401,"minecraft:open_chest":772,"minecraft:fall_one_cm":1081314,"minecraft:animals_bred":46,"minecraft:open_shulker_box":13,"minecraft:sprint_one_cm":4322859,"minecraft:drop":492,"minecraft:talked_to_villager":61,"minecraft:interact_with_brewingstand":2,"minecraft:walk_on_water_one_cm":135579,"minecraft:open_enderchest":58,"minecraft:crouch_one_cm":491784,"minecraft:mob_kills":718,"minecraft:climb_one_cm":105696,"minecraft:walk_one_cm":5114606,"minecraft:raid_win":3,"minecraft:walk_under_water_one_cm":190596,"minecraft:boat_one_cm":2303390,"minecraft:raid_trigger":4,"minecraft:interact_with_grindstone":2,"minecraft:damage_taken":37611,"minecraft:damage_absorbed":120,"minecraft:aviate_one_cm":1233799},"minecraft:dropped":{"minecraft:iron_sword":5,"minecraft:porkchop":8,"minecraft:glass_bottle":18,"minecraft:diamond":6,"minecraft:crafting_table":2,"minecraft:crossbow":57,"minecraft:warped_roots":2,"minecraft:cracked_stone_bricks":2,"minecraft:saddle":20,"minecraft:dirt":96,"minecraft:grass":1,"minecraft:gold_nugget":2,"minecraft:sand":14,"minecraft:sugar":80,"minecraft:dark_oak_planks":7,"minecraft:white_wool":64,"minecraft:bone":12,"minecraft:stone_axe":1,"minecraft:sugar_cane":1,"minecraft:golden_chestplate":1,"minecraft:cobbled_deepslate":65,"minecraft:birch_sapling":1,"minecraft:netherite_sword":1,"minecraft:wheat":38,"minecraft:obsidian":4,"minecraft:rotten_flesh":75,"minecraft:oak_planks":3,"minecraft:glowstone_dust":28,"minecraft:end_stone":1,"minecraft:jungle_log":6,"minecraft:leather_boots":1,"minecraft:end_stone_bricks":2,"minecraft:beef":6,"minecraft:egg":2,"minecraft:wheat_seeds":1559,"minecraft:oak_fence":2,"minecraft:iron_helmet":2,"minecraft:feather":6,"minecraft:cobblestone":350,"minecraft:book":4,"minecraft:coal":15,"minecraft:cherry_planks":18,"minecraft:potion":3,"minecraft:white_banner":107,"minecraft:iron_shovel":1,"minecraft:paper":13,"minecraft:string":27,"minecraft:spruce_sapling":2,"minecraft:soul_soil":3,"minecraft:deepslate":11,"minecraft:chicken":2,"minecraft:iron_boots":1,"minecraft:nether_bricks":8,"minecraft:diamond_sword":1,"minecraft:stone":69,"minecraft:diamond_pickaxe":1,"minecraft:spider_eye":63,"minecraft:stone_bricks":6,"minecraft:bamboo":12,"minecraft:bow":3,"minecraft:soul_sand":4,"minecraft:diamond_axe":1,"minecraft:oak_log":1,"minecraft:golden_pickaxe":1,"minecraft:netherite_upgrade_smithing_template":1,"minecraft:leather":11,"minecraft:mutton":12,"minecraft:coast_armor_trim_smithing_template":1,"minecraft:gold_ingot":343,"minecraft:gravel":42,"minecraft:blackstone":90,"minecraft:twisting_vines":2,"minecraft:carrot":20,"minecraft:chiseled_stone_bricks":1,"minecraft:gunpowder":26,"minecraft:beetroot_seeds":9,"minecraft:blackstone_slab":2,"minecraft:arrow":16,"minecraft:quartz":12,"minecraft:netherrack":170,"minecraft:bread":3,"minecraft:oak_slab":6,"minecraft:cherry_log":8,"minecraft:mossy_cobblestone":4,"minecraft:poisonous_potato":1,"minecraft:golden_axe":2,"minecraft:lead":4,"minecraft:grass_block":64,"minecraft:stick":119,"minecraft:diorite":74,"minecraft:torch":1,"minecraft:fire_charge":3,"minecraft:iron_leggings":1,"minecraft:iron_axe":31,"minecraft:dandelion":4,"minecraft:redstone":31,"minecraft:tuff":132,"minecraft:iron_hoe":1,"minecraft:filled_map":5,"minecraft:shield":1,"minecraft:iron_chestplate":4,"minecraft:andesite":40,"minecraft:mossy_stone_bricks":5,"minecraft:golden_leggings":1,"minecraft:oak_sapling":11,"minecraft:stone_pickaxe":1,"minecraft:wooden_pickaxe":3,"minecraft:magma_cream":1},"minecraft:killed_by":{"minecraft:pillager":1,"minecraft:zombie":1,"minecraft:vex":1,"minecraft:shulker":1,"minecraft:warden":1,"minecraft:piglin":2,"minecraft:enderman":2,"minecraft:skeleton":1},"minecraft:used":{"minecraft:spruce_slab":6,"minecraft:poppy":3,"minecraft:chest":9,"minecraft:rotten_flesh":1,"minecraft:soul_sand":23,"minecraft:spruce_boat":4,"minecraft:lava_bucket":22,"minecraft:birch_sapling":19,"minecraft:sweet_berries":27,"minecraft:furnace":6,"minecraft:oak_sapling":133,"minecraft:egg":19,"minecraft:potato":359,"minecraft:diorite":17,"minecraft:end_stone_bricks":5,"minecraft:chorus_fruit":1,"minecraft:blackstone":23,"minecraft:wooden_pickaxe":82,"minecraft:purpur_pillar":3,"minecraft:golden_apple":3,"minecraft:dark_oak_trapdoor":22,"minecraft:purpur_stairs":2,"minecraft:sand":3,"minecraft:nether_wart_block":1,"minecraft:diamond_sword":673,"minecraft:smithing_table":1,"minecraft:birch_log":85,"minecraft:oak_boat":6,"minecraft:enchanting_table":1,"minecraft:netherrack":1003,"minecraft:torch":294,"minecraft:iron_axe":359,"minecraft:rooted_dirt":1,"minecraft:bamboo":137,"minecraft:diamond_chestplate":1,"minecraft:basalt":55,"minecraft:beef":4,"minecraft:cobbled_deepslate":604,"minecraft:cherry_log":20,"minecraft:wheat_seeds":1518,"minecraft:water_bucket":257,"minecraft:lead":1,"minecraft:cherry_planks":20,"minecraft:leather_boots":1,"minecraft:polished_blackstone_bricks":127,"minecraft:oak_slab":9,"minecraft:crafting_table":25,"minecraft:red_bed":3,"minecraft:white_bed":15,"minecraft:spruce_log":1,"minecraft:oak_log":318,"minecraft:ender_eye":4,"minecraft:diamond_pickaxe":4602,"minecraft:diamond_shovel":1013,"minecraft:iron_pickaxe":2826,"minecraft:purpur_slab":1,"minecraft:cobblestone":1353,"minecraft:potion":4,"minecraft:cooked_porkchop":91,"minecraft:glass_pane":60,"minecraft:dandelion":3,"minecraft:iron_shovel":254,"minecraft:oak_sign":15,"minecraft:diamond_hoe":88,"minecraft:shield":44,"minecraft:iron_sword":210,"minecraft:iron_chestplate":5,"minecraft:mutton":6,"minecraft:jungle_planks":70,"minecraft:nether_bricks":10,"minecraft:carrot":248,"minecraft:tuff":382,"minecraft:obsidian":30,"minecraft:iron_helmet":4,"minecraft:magma_block":2,"minecraft:hay_block":1,"minecraft:beetroot_seeds":24,"minecraft:dark_oak_sapling":12,"minecraft:diamond_boots":5,"minecraft:stone_pickaxe":301,"minecraft:oak_planks":416,"minecraft:ender_pearl":7,"minecraft:diamond_axe":986,"minecraft:sugar_cane":116,"minecraft:white_wool":1,"minecraft:crossbow":68,"minecraft:end_stone":1,"minecraft:shears":5,"minecraft:cobbled_deepslate_stairs":281,"minecraft:sticky_piston":2,"minecraft:lever":2,"minecraft:firework_rocket":28,"minecraft:bread":87,"minecraft:gravel":55,"minecraft:grindstone":1,"minecraft:andesite":1,"minecraft:bone_meal":24,"minecraft:cherry_boat":2,"minecraft:oak_fence":6,"minecraft:purpur_block":11,"minecraft:netherite_sword":395,"minecraft:flint_and_steel":60,"minecraft:stone_shovel":131,"minecraft:dried_kelp":24,"minecraft:spruce_planks":52,"minecraft:ender_chest":1,"minecraft:cooked_chicken":6,"minecraft:oak_door":1,"minecraft:dirt":1135,"minecraft:white_carpet":2,"minecraft:shulker_box":6,"minecraft:golden_chestplate":1,"minecraft:spruce_fence":1,"minecraft:granite":38,"minecraft:iron_hoe":525,"minecraft:dark_oak_planks":459,"minecraft:bookshelf":3,"minecraft:oak_stairs":26,"minecraft:iron_boots":6,"minecraft:light_gray_wool":10,"minecraft:soul_soil":6,"minecraft:cooked_beef":26,"minecraft:iron_leggings":6,"minecraft:cooked_mutton":74,"minecraft:netherite_chestplate":2,"minecraft:baked_potato":60,"minecraft:cobblestone_slab":221,"minecraft:smoker":2,"minecraft:book":8,"minecraft:apple":9,"minecraft:cracked_polished_blackstone_bricks":115,"minecraft:chicken":1,"minecraft:stone_slab":727,"minecraft:stone_axe":123,"minecraft:pink_petals":1,"minecraft:white_banner":1,"minecraft:bucket":281,"minecraft:splash_potion":1},"minecraft:picked_up":{"minecraft:iron_chestplate":14,"minecraft:lead":7,"minecraft:stone_slab":343,"minecraft:diamond_sword":8,"minecraft:oak_stairs":2,"minecraft:enchanted_book":4,"minecraft:string":85,"minecraft:dark_oak_trapdoor":20,"minecraft:soul_soil":27,"minecraft:beetroot":7,"minecraft:diamond_leggings":8,"minecraft:cobbled_deepslate":2640,"minecraft:gold_nugget":73,"minecraft:spruce_planks":60,"minecraft:netherite_upgrade_smithing_template":16,"minecraft:melon_slice":72,"minecraft:purpur_pillar":5,"minecraft:golden_axe":1,"minecraft:cherry_log":39,"minecraft:iron_block":32,"minecraft:netherite_chestplate":4,"minecraft:blaze_rod":66,"minecraft:birch_log":109,"minecraft:magma_block":4,"minecraft:feather":6,"minecraft:cooked_beef":15,"minecraft:water_bucket":5,"minecraft:jungle_log":23,"minecraft:flint":8,"minecraft:twisting_vines":2,"minecraft:diamond_helmet":10,"minecraft:dark_oak_log":160,"minecraft:iron_hoe":2,"minecraft:lever":2,"minecraft:granite":201,"minecraft:bread":204,"minecraft:diamond_pickaxe":15,"minecraft:crafting_table":36,"minecraft:nether_wart":8,"minecraft:stripped_cherry_log":2,"minecraft:purpur_block":21,"minecraft:cornflower":2,"minecraft:flint_and_steel":10,"minecraft:red_bed":3,"minecraft:elytra":5,"minecraft:netherite_scrap":18,"minecraft:netherite_sword":5,"minecraft:beef":28,"minecraft:poppy":10,"minecraft:spruce_slab":1,"minecraft:chest":6,"minecraft:birch_sapling":29,"minecraft:diamond_hoe":9,"minecraft:egg":25,"minecraft:sandstone":12,"minecraft:stone":58,"minecraft:spruce_fence":1,"minecraft:fire_charge":29,"minecraft:carrot":223,"minecraft:redstone":177,"minecraft:diamond_chestplate":5,"minecraft:beetroot_seeds":69,"minecraft:shears":3,"minecraft:diamond_boots":14,"minecraft:hay_block":1,"minecraft:purpur_slab":1,"minecraft:gold_ingot":578,"minecraft:mutton":50,"minecraft:white_wool":458,"minecraft:oxeye_daisy":2,"minecraft:blackstone_slab":2,"minecraft:filled_map":2,"minecraft:purpur_stairs":5,"minecraft:oak_log":724,"minecraft:ancient_debris":24,"minecraft:paper":168,"minecraft:white_banner":18,"minecraft:apple":64,"minecraft:stone_pickaxe":3,"minecraft:glass_bottle":2,"minecraft:iron_sword":13,"minecraft:dark_oak_slab":2,"minecraft:sweet_berries":37,"minecraft:gravel":290,"minecraft:spruce_sapling":2,"minecraft:spruce_log":5,"minecraft:crying_obsidian":66,"minecraft:diamond_shovel":15,"minecraft:firework_rocket":438,"minecraft:slime_ball":6,"minecraft:stone_axe":2,"minecraft:diamond_axe":9,"minecraft:gray_wool":6,"minecraft:warped_roots":5,"minecraft:baked_potato":152,"minecraft:melon_seeds":16,"minecraft:ender_pearl":65,"minecraft:shulker_shell":8,"minecraft:wheat":1348,"minecraft:nether_brick":21,"minecraft:potion":6,"minecraft:iron_leggings":11,"minecraft:sticky_piston":4,"minecraft:oak_sign":1,"minecraft:bucket":4,"minecraft:cobblestone_slab":144,"minecraft:ender_eye":5,"minecraft:iron_pickaxe":15,"minecraft:iron_boots":12,"minecraft:furnace":9,"minecraft:stick":356,"minecraft:oak_fence":4,"minecraft:torch":311,"minecraft:porkchop":18,"minecraft:dried_kelp":72,"minecraft:diorite":174,"minecraft:rotten_flesh":68,"minecraft:obsidian":85,"minecraft:cobblestone":2708,"minecraft:pink_petals":1,"minecraft:magma_cream":5,"minecraft:cherry_planks":7,"minecraft:andesite":31,"minecraft:potato":514,"minecraft:tuff":728,"minecraft:dirt":1569,"minecraft:lapis_lazuli":149,"minecraft:bone":73,"minecraft:bow":1,"minecraft:wheat_seeds":3275,"minecraft:raw_gold":66,"minecraft:mossy_stone_bricks":1,"minecraft:bamboo":811,"minecraft:oak_planks":61,"minecraft:cooked_porkchop":210,"minecraft:music_disc_13":4,"minecraft:poisonous_potato":2,"minecraft:sand":123,"minecraft:jungle_planks":2,"minecraft:grass_block":13,"minecraft:spectral_arrow":346,"minecraft:shulker_box":6,"minecraft:mossy_cobblestone":6,"minecraft:sugar":40,"minecraft:diamond":165,"minecraft:spruce_boat":4,"minecraft:cracked_polished_blackstone_bricks":186,"minecraft:crossbow":25,"minecraft:grass":1,"minecraft:golden_apple":1,"minecraft:emerald":9,"minecraft:oak_sapling":529,"minecraft:piglin_banner_pattern":4,"minecraft:netherrack":2024,"minecraft:chorus_fruit":17,"minecraft:end_stone_bricks":18,"minecraft:chicken":3,"minecraft:splash_potion":1,"minecraft:wooden_pickaxe":3,"minecraft:gold_block":37,"minecraft:shield":20,"minecraft:iron_axe":16,"minecraft:blackstone":212,"minecraft:oak_boat":2,"minecraft:light_gray_wool":12,"minecraft:sugar_cane":187,"minecraft:dark_oak_sapling":12,"minecraft:raw_iron":195,"minecraft:end_stone":231,"minecraft:polished_blackstone_bricks":175,"minecraft:dark_oak_planks":123,"minecraft:red_shulker_box":1,"minecraft:arrow":36,"minecraft:nether_bricks":26,"minecraft:saddle":5,"minecraft:basalt":55,"minecraft:glow_ink_sac":2,"minecraft:leather":128,"minecraft:birch_planks":10,"minecraft:cobbled_deepslate_stairs":11,"minecraft:nether_wart_block":1,"minecraft:gunpowder":525,"minecraft:cooked_mutton":36,"minecraft:coast_armor_trim_smithing_template":7,"minecraft:heart_of_the_sea":5,"minecraft:iron_ingot":258,"minecraft:cooked_chicken":6,"minecraft:soul_sand":31,"minecraft:book":20,"minecraft:oak_slab":12,"minecraft:chiseled_stone_bricks":1,"minecraft:quartz":62,"minecraft:dandelion":23,"minecraft:lava_bucket":4,"minecraft:amethyst_shard":12,"minecraft:white_bed":2,"minecraft:spider_eye":25,"minecraft:pumpkin_seeds":8,"minecraft:iron_helmet":11,"minecraft:cherry_sapling":5,"minecraft:black_wool":1,"minecraft:coal":224},"minecraft:killed":{"minecraft:dolphin":1,"minecraft:shulker":15,"minecraft:skeleton":29,"minecraft:chicken":7,"minecraft:magma_cube":55,"minecraft:iron_golem":2,"minecraft:pillager":260,"minecraft:zombie":86,"minecraft:glow_squid":1,"minecraft:cow":13,"minecraft:evoker":2,"minecraft:vindicator":23,"minecraft:horse":4,"minecraft:wandering_trader":1,"minecraft:ravager":1,"minecraft:enderman":12,"minecraft:zombified_piglin":2,"minecraft:witch":7,"minecraft:spider":12,"minecraft:bee":1,"minecraft:silverfish":1,"minecraft:piglin_brute":18,"minecraft:wolf":2,"minecraft:piglin":37,"minecraft:pig":18,"minecraft:creeper":5,"minecraft:sheep":37,"minecraft:ghast":3,"minecraft:blaze":4,"minecraft:slime":1,"minecraft:drowned":11,"minecraft:bat":2,"minecraft:hoglin":2,"minecraft:wither_skeleton":9}},"DataVersion":3465}