{"stats":{"minecraft:custom":{"minecraft:interact_with_crafting_table":184,"minecraft:open_barrel":15,"minecraft:bell_ring":5,"minecraft:leave_game":56,"minecraft:time_since_death":102874,"minecraft:sprint_one_cm":4691606,"minecraft:drop":327,"minecraft:talked_to_villager":1,"minecraft:play_time":2575258,"minecraft:deaths":3,"minecraft:jump":25637,"minecraft:walk_on_water_one_cm":94615,"minecraft:interact_with_furnace":136,"minecraft:sleep_in_bed":43,"minecraft:damage_dealt":22586,"minecraft:crouch_one_cm":302542,"minecraft:interact_with_smoker":32,"minecraft:interact_with_smithing_table":1,"minecraft:mob_kills":159,"minecraft:inspect_hopper":16,"minecraft:climb_one_cm":24855,"minecraft:walk_one_cm":2184084,"minecraft:sneak_time":118728,"minecraft:walk_under_water_one_cm":326479,"minecraft:boat_one_cm":666171,"minecraft:interact_with_blast_furnace":27,"minecraft:total_world_time":2575258,"minecraft:interact_with_stonecutter":7,"minecraft:time_since_rest":104429,"minecraft:damage_taken":14809,"minecraft:swim_one_cm":410392,"minecraft:fly_one_cm":4928857,"minecraft:open_chest":950,"minecraft:fall_one_cm":755905},"minecraft:killed_by":{"minecraft:warden":1,"minecraft:skeleton":1},"minecraft:used":{"minecraft:moss_block":72,"minecraft:cherry_sapling":15,"minecraft:moss_carpet":3,"minecraft:iron_shovel":605,"minecraft:polished_deepslate":1,"minecraft:spruce_slab":305,"minecraft:ladder":14,"minecraft:oak_sign":15,"minecraft:decorated_pot":4,"minecraft:chest":14,"minecraft:stone":19,"minecraft:iron_sword":167,"minecraft:iron_chestplate":1,"minecraft:mutton":2,"minecraft:tuff":53,"minecraft:stripped_spruce_log":1,"minecraft:spruce_boat":4,"minecraft:lantern":20,"minecraft:cherry_leaves":15,"minecraft:stone_bricks":8,"minecraft:hay_block":2,"minecraft:oak_sapling":7,"minecraft:furnace":11,"minecraft:egg":5,"minecraft:dark_oak_stairs":1,"minecraft:diamond_boots":4,"minecraft:diorite":12,"minecraft:spruce_door":2,"minecraft:chorus_fruit":9,"minecraft:stone_pickaxe":1700,"minecraft:oak_planks":1118,"minecraft:ender_pearl":1,"minecraft:wooden_pickaxe":3,"minecraft:mossy_stone_brick_stairs":2,"minecraft:composter":1,"minecraft:diamond_axe":1062,"minecraft:glow_berries":7,"minecraft:blast_furnace":1,"minecraft:dripstone_block":1,"minecraft:shears":17,"minecraft:end_stone":5,"minecraft:string":1,"minecraft:bread":221,"minecraft:melon_slice":2,"minecraft:stone_button":18,"minecraft:deepslate":4,"minecraft:golden_helmet":2,"minecraft:diamond_sword":232,"minecraft:andesite":7,"minecraft:stripped_cherry_log":6,"minecraft:oak_boat":1,"minecraft:oak_hanging_sign":9,"minecraft:bone_meal":259,"minecraft:golden_pickaxe":5,"minecraft:azalea":1,"minecraft:oak_trapdoor":23,"minecraft:stone_sword":125,"minecraft:stone_shovel":236,"minecraft:spruce_planks":2031,"minecraft:stone_hoe":364,"minecraft:cooked_chicken":7,"minecraft:netherrack":5,"minecraft:oak_door":8,"minecraft:torch":36,"minecraft:dirt":533,"minecraft:spyglass":56,"minecraft:wheat":4,"minecraft:spruce_stairs":66,"minecraft:diamond_helmet":1,"minecraft:granite":3,"minecraft:spruce_fence":27,"minecraft:iron_hoe":705,"minecraft:flowering_azalea":4,"minecraft:oak_stairs":1,"minecraft:iron_axe":1377,"minecraft:cherry_slab":31,"minecraft:bamboo_hanging_sign":1,"minecraft:smooth_basalt":2,"minecraft:bamboo":38,"minecraft:diamond_chestplate":2,"minecraft:golden_carrot":4,"minecraft:beef":7,"minecraft:cooked_beef":30,"minecraft:cobbled_deepslate":283,"minecraft:cherry_fence":1,"minecraft:cherry_log":285,"minecraft:calcite":133,"minecraft:wheat_seeds":831,"minecraft:cooked_mutton":16,"minecraft:water_bucket":14,"minecraft:amethyst_block":10,"minecraft:cobblestone_stairs":1,"minecraft:cherry_planks":257,"minecraft:stonecutter":1,"minecraft:deepslate_bricks":16,"minecraft:polished_blackstone_bricks":83,"minecraft:rail":1,"minecraft:crafting_table":43,"minecraft:oak_slab":105,"minecraft:red_bed":1,"minecraft:bamboo_block":5,"minecraft:campfire":5,"minecraft:white_bed":2,"minecraft:smoker":2,"minecraft:spruce_log":554,"minecraft:oak_log":305,"minecraft:cornflower":1,"minecraft:diamond_shovel":1,"minecraft:cherry_door":2,"minecraft:iron_pickaxe":3132,"minecraft:spruce_trapdoor":27,"minecraft:spruce_sapling":55,"minecraft:stone_axe":1399,"minecraft:pink_petals":7,"minecraft:cobblestone":620,"minecraft:cherry_stairs":44,"minecraft:porkchop":8,"minecraft:cooked_porkchop":69,"minecraft:bucket":15,"minecraft:glass_pane":103,"minecraft:yellow_bed":3,"minecraft:stripped_oak_log":12,"minecraft:diamond_leggings":3,"minecraft:smooth_stone":2},"minecraft:killed":{"minecraft:cave_spider":3,"minecraft:zombified_piglin":1,"minecraft:witch":1,"minecraft:spider":6,"minecraft:skeleton":26,"minecraft:chicken":9,"minecraft:silverfish":9,"minecraft:piglin":1,"minecraft:pig":32,"minecraft:zombie_villager":1,"minecraft:ender_dragon":1,"minecraft:creeper":5,"minecraft:sheep":5,"minecraft:zombie":35,"minecraft:cow":18,"minecraft:enderman":3},"minecraft:dropped":{"minecraft:moss_block":4,"minecraft:diamond_axe":2,"minecraft:cooked_beef":1,"minecraft:oak_log":1,"minecraft:cooked_porkchop":11,"minecraft:netherite_upgrade_smithing_template":1,"minecraft:leather":2,"minecraft:flint":3,"minecraft:cobblestone_stairs":13,"minecraft:cracked_polished_blackstone_bricks":1,"minecraft:dirt":246,"minecraft:grass":2,"minecraft:cherry_leaves":33,"minecraft:iron_pickaxe":4,"minecraft:white_wool":4,"minecraft:bone":1,"minecraft:gravel":47,"minecraft:stone_axe":2,"minecraft:iron_nugget":3,"minecraft:cobbled_deepslate":408,"minecraft:wheat":54,"minecraft:birch_sapling":1,"minecraft:rotten_flesh":5,"minecraft:oak_planks":41,"minecraft:end_stone":1,"minecraft:mossy_stone_brick_slab":1,"minecraft:cooked_mutton":1,"minecraft:white_bed":1,"minecraft:poppy":1,"minecraft:gunpowder":4,"minecraft:azalea":1,"minecraft:spruce_slab":6,"minecraft:arrow":12,"minecraft:beef":2,"minecraft:egg":2,"minecraft:bread":20,"minecraft:iron_ingot":15,"minecraft:stripped_spruce_log":1,"minecraft:wheat_seeds":489,"minecraft:clock":1,"minecraft:feather":10,"minecraft:cobblestone":970,"minecraft:amethyst_block":1,"minecraft:granite":13,"minecraft:spruce_stairs":10,"minecraft:coal":3,"minecraft:stick":2,"minecraft:oxeye_daisy":1,"minecraft:diorite":8,"minecraft:torch":8,"minecraft:diamond_helmet":1,"minecraft:flowering_azalea":2,"minecraft:iron_axe":2,"minecraft:iron_shovel":1,"minecraft:string":4,"minecraft:pink_petals":37,"minecraft:dandelion":3,"minecraft:redstone":4,"minecraft:moss_carpet":1,"minecraft:soul_soil":10,"minecraft:stone_sword":2,"minecraft:tuff":67,"minecraft:raw_iron":3,"minecraft:chicken":4,"minecraft:stripped_oak_log":1,"minecraft:cherry_slab":1,"minecraft:glass_pane":15,"minecraft:spruce_planks":73,"minecraft:iron_chestplate":1,"minecraft:andesite":8,"minecraft:yellow_bed":1,"minecraft:oak_sapling":21,"minecraft:bamboo":17,"minecraft:spider_eye":2,"minecraft:spruce_log":74,"minecraft:bow":3,"minecraft:stone_pickaxe":1},"minecraft:crafted":{"minecraft:oak_planks":1076,"minecraft:smooth_stone":7,"minecraft:oak_sign":3,"minecraft:cherry_slab":24,"minecraft:cooked_chicken":5,"minecraft:chain":2,"minecraft:oak_hanging_sign":6,"minecraft:stone":74,"minecraft:cooked_mutton":6,"minecraft:bamboo_block":5,"minecraft:glass":51,"minecraft:diamond_leggings":1,"minecraft:decorated_pot":4,"minecraft:chest":11,"minecraft:stone_hoe":2,"minecraft:cherry_fence":3,"minecraft:oak_slab":132,"minecraft:deepslate":4,"minecraft:cooked_porkchop":76,"minecraft:diamond_axe":1,"minecraft:crafting_table":14,"minecraft:spruce_planks":2416,"minecraft:wooden_pickaxe":1,"minecraft:spruce_door":3,"minecraft:copper_ingot":3,"minecraft:campfire":5,"minecraft:spruce_trapdoor":22,"minecraft:iron_chestplate":1,"minecraft:charcoal":2,"minecraft:stick":184,"minecraft:iron_ingot":84,"minecraft:iron_pickaxe":14,"minecraft:stone_sword":2,"minecraft:gold_ingot":18,"minecraft:composter":1,"minecraft:deepslate_bricks":29,"minecraft:shears":1,"minecraft:cherry_planks":444,"minecraft:oak_door":9,"minecraft:stone_shovel":4,"minecraft:iron_nugget":81,"minecraft:spyglass":1,"minecraft:stone_button":18,"minecraft:furnace":4,"minecraft:blast_furnace":1,"minecraft:bone_meal":288,"minecraft:spruce_fence":27,"minecraft:glass_pane":128,"minecraft:oak_trapdoor":28,"minecraft:lantern":9,"minecraft:spruce_stairs":60,"minecraft:iron_axe":6,"minecraft:ladder":15,"minecraft:spruce_slab":408,"minecraft:iron_hoe":2,"minecraft:cherry_stairs":104,"minecraft:stone_pickaxe":21,"minecraft:spruce_boat":1,"minecraft:golden_helmet":2,"minecraft:wheat":225,"minecraft:cooked_beef":24,"minecraft:diamond_sword":1,"minecraft:iron_sword":1,"minecraft:bucket":3,"minecraft:stone_axe":16,"minecraft:bread":229,"minecraft:air":0,"minecraft:oak_boat":3,"minecraft:iron_shovel":3,"minecraft:cherry_door":3,"minecraft:stonecutter":1,"minecraft:torch":20},"minecraft:mined":{"minecraft:large_amethyst_bud":2,"minecraft:spruce_planks":289,"minecraft:white_bed":6,"minecraft:farmland":3,"minecraft:mossy_stone_brick_slab":1,"minecraft:cherry_log":163,"minecraft:sculk_vein":7,"minecraft:cobblestone_stairs":21,"minecraft:spruce_trapdoor":6,"minecraft:granite":23,"minecraft:budding_amethyst":16,"minecraft:grass_block":247,"minecraft:cracked_polished_blackstone_bricks":36,"minecraft:deepslate_bricks":3,"minecraft:soul_soil":37,"minecraft:bamboo_block":5,"minecraft:oak_wall_sign":10,"minecraft:oxeye_daisy":1,"minecraft:spawner":2,"minecraft:smooth_stone":2,"minecraft:polished_blackstone_bricks":125,"minecraft:sculk_catalyst":1,"minecraft:iron_ore":99,"minecraft:cobbled_deepslate":26,"minecraft:fire":12,"minecraft:moss_carpet":4,"minecraft:deepslate_lapis_ore":3,"minecraft:dark_oak_stairs":1,"minecraft:sculk_shrieker":1,"minecraft:pointed_dripstone":9,"minecraft:oak_sign":2,"minecraft:dirt_path":3,"minecraft:oak_stairs":1,"minecraft:small_amethyst_bud":1,"minecraft:stripped_bamboo_block":1,"minecraft:azalea":4,"minecraft:spruce_slab":80,"minecraft:deepslate_redstone_ore":17,"minecraft:red_bed":1,"minecraft:blackstone":9,"minecraft:exposed_copper":1,"minecraft:smoker":2,"minecraft:soul_fire":15,"minecraft:amethyst_cluster":37,"minecraft:clay":1,"minecraft:torch":8,"minecraft:blast_furnace":1,"minecraft:calcite":129,"minecraft:poppy":1,"minecraft:melon":10,"minecraft:chest":6,"minecraft:cobblestone":782,"minecraft:oak_planks":446,"minecraft:wall_torch":36,"minecraft:amethyst_block":180,"minecraft:cherry_slab":15,"minecraft:pink_petals":21,"minecraft:bamboo_planks":2,"minecraft:wheat":551,"minecraft:grass":225,"minecraft:oak_log":525,"minecraft:sand":73,"minecraft:dirt":187,"minecraft:smooth_basalt":11,"minecraft:netherrack":75,"minecraft:oak_leaves":224,"minecraft:deepslate":1005,"minecraft:tuff":142,"minecraft:deepslate_diamond_ore":27,"minecraft:oak_door":3,"minecraft:cherry_sapling":5,"minecraft:stripped_cherry_log":25,"minecraft:end_stone":6,"minecraft:ladder":6,"minecraft:stone_button":2,"minecraft:weathered_copper":3,"minecraft:decorated_pot":4,"minecraft:spruce_leaves":177,"minecraft:red_mushroom":1,"minecraft:moss_block":58,"minecraft:cherry_wall_sign":3,"minecraft:hay_block":27,"minecraft:oak_trapdoor":1,"minecraft:spruce_sapling":8,"minecraft:furnace":12,"minecraft:polished_basalt":1,"minecraft:andesite":31,"minecraft:stripped_spruce_log":14,"minecraft:gold_block":15,"minecraft:big_dripleaf_stem":1,"minecraft:polished_deepslate":1,"minecraft:mossy_stone_brick_stairs":2,"minecraft:rail":1,"minecraft:cobblestone_slab":6,"minecraft:deepslate_iron_ore":46,"minecraft:vine":1,"minecraft:lantern":10,"minecraft:stripped_oak_log":59,"minecraft:chorus_plant":5,"minecraft:bamboo":23,"minecraft:oak_hanging_sign":1,"minecraft:stone":1576,"minecraft:bone_block":17,"minecraft:podzol":5,"minecraft:oak_slab":50,"minecraft:flowering_azalea":4,"minecraft:glass_pane":6,"minecraft:cherry_planks":31,"minecraft:soul_sand":22,"minecraft:infested_stone_bricks":1,"minecraft:basalt":21,"minecraft:dandelion":9,"minecraft:oak_fence":4,"minecraft:crafting_table":32,"minecraft:cornflower":1,"minecraft:emerald_ore":2,"minecraft:sculk_sensor":4,"minecraft:campfire":2,"minecraft:copper_ore":14,"minecraft:tall_grass":31,"minecraft:deepslate_gold_ore":7,"minecraft:lapis_ore":3,"minecraft:sculk":195,"minecraft:diorite":70,"minecraft:big_dripleaf":1,"minecraft:spruce_stairs":17,"minecraft:ice":1,"minecraft:spruce_log":1262,"minecraft:yellow_bed":5,"minecraft:coal_ore":84,"minecraft:cherry_leaves":32,"minecraft:gravel":58,"minecraft:dripstone_block":19,"minecraft:cobweb":8,"minecraft:cracked_stone_bricks":1,"minecraft:stone_bricks":8,"minecraft:fern":3,"minecraft:infested_stone":6},"minecraft:picked_up":{"minecraft:iron_chestplate":1,"minecraft:wheat":569,"minecraft:exposed_copper":1,"minecraft:diamond_sword":4,"minecraft:oak_stairs":3,"minecraft:amethyst_block":176,"minecraft:polished_deepslate":1,"minecraft:raw_copper":29,"minecraft:string":6,"minecraft:soul_soil":37,"minecraft:oak_hanging_sign":3,"minecraft:oak_sign":19,"minecraft:diamond_leggings":4,"minecraft:smooth_stone":2,"minecraft:cobbled_deepslate":964,"minecraft:bucket":2,"minecraft:spruce_planks":293,"minecraft:cobblestone_slab":6,"minecraft:calcite":121,"minecraft:azalea":3,"minecraft:iron_pickaxe":7,"minecraft:melon_slice":52,"minecraft:furnace":13,"minecraft:golden_helmet":2,"minecraft:stick":41,"minecraft:big_dripleaf":5,"minecraft:oak_fence":4,"minecraft:torch":67,"minecraft:spruce_stairs":26,"minecraft:porkchop":73,"minecraft:cherry_log":162,"minecraft:pointed_dripstone":33,"minecraft:diorite":39,"minecraft:rabbit_foot":1,"minecraft:bamboo_block":5,"minecraft:stone_sword":1,"minecraft:rotten_flesh":20,"minecraft:cobblestone":2526,"minecraft:pink_petals":48,"minecraft:feather":16,"minecraft:cooked_beef":1,"minecraft:cherry_planks":27,"minecraft:cherry_leaves":81,"minecraft:water_bucket":2,"minecraft:andesite":18,"minecraft:smoker":2,"minecraft:flint":10,"minecraft:tuff":128,"minecraft:lapis_lazuli":72,"minecraft:dirt":670,"minecraft:lantern":13,"minecraft:stripped_bamboo_block":1,"minecraft:bone":25,"minecraft:bow":9,"minecraft:wheat_seeds":1670,"minecraft:raw_gold":7,"minecraft:dark_oak_sign":1,"minecraft:diamond_helmet":2,"minecraft:bamboo":107,"minecraft:glowstone_dust":1,"minecraft:moss_block":49,"minecraft:stone_hoe":1,"minecraft:oak_planks":452,"minecraft:mossy_stone_brick_stairs":2,"minecraft:sand":70,"minecraft:stripped_spruce_log":14,"minecraft:iron_hoe":3,"minecraft:diamond":30,"minecraft:spruce_boat":4,"minecraft:cracked_polished_blackstone_bricks":32,"minecraft:bone_meal":132,"minecraft:granite":21,"minecraft:grass":2,"minecraft:emerald":2,"minecraft:bread":35,"minecraft:netherrack":71,"minecraft:oak_sapling":26,"minecraft:cherry_slab":18,"minecraft:chorus_fruit":34,"minecraft:charcoal":6,"minecraft:shelter_pottery_sherd":3,"minecraft:crafting_table":32,"minecraft:chicken":9,"minecraft:ladder":6,"minecraft:gold_block":15,"minecraft:stripped_cherry_log":25,"minecraft:brick":10,"minecraft:cornflower":1,"minecraft:red_bed":1,"minecraft:oak_trapdoor":1,"minecraft:moss_carpet":11,"minecraft:iron_axe":4,"minecraft:iron_shovel":4,"minecraft:glass_pane":102,"minecraft:cracked_stone_bricks":1,"minecraft:beef":39,"minecraft:iron_nugget":3,"minecraft:poppy":1,"minecraft:spruce_slab":106,"minecraft:chest":8,"minecraft:birch_sapling":2,"minecraft:spruce_trapdoor":6,"minecraft:diamond_hoe":1,"minecraft:egg":8,"minecraft:raw_iron":224,"minecraft:end_stone":6,"minecraft:oak_door":5,"minecraft:bamboo_hanging_sign":1,"minecraft:polished_blackstone_bricks":93,"minecraft:stone_button":1,"minecraft:redstone":81,"minecraft:arrow":16,"minecraft:diamond_chestplate":4,"minecraft:diamond_boots":4,"minecraft:deepslate_bricks":2,"minecraft:hay_block":27,"minecraft:glow_berries":7,"minecraft:mutton":4,"minecraft:bone_block":17,"minecraft:rail":1,"minecraft:white_wool":8,"minecraft:oxeye_daisy":1,"minecraft:stripped_oak_log":71,"minecraft:clock":2,"minecraft:basalt":17,"minecraft:leather":27,"minecraft:oak_log":665,"minecraft:yellow_bed":5,"minecraft:gunpowder":9,"minecraft:cobblestone_stairs":23,"minecraft:cooked_mutton":3,"minecraft:stone_bricks":8,"minecraft:stone_pickaxe":3,"minecraft:iron_ingot":49,"minecraft:cooked_chicken":2,"minecraft:cherry_sign":4,"minecraft:flowering_azalea":6,"minecraft:soul_sand":22,"minecraft:dark_oak_stairs":1,"minecraft:oak_slab":43,"minecraft:smooth_basalt":9,"minecraft:bamboo_planks":2,"minecraft:sculk":3,"minecraft:dandelion":9,"minecraft:dripstone_block":19,"minecraft:weathered_copper":3,"minecraft:gravel":63,"minecraft:amethyst_shard":160,"minecraft:spruce_sapling":93,"minecraft:white_bed":5,"minecraft:spruce_log":1326,"minecraft:mossy_stone_brick_slab":1,"minecraft:spider_eye":3,"minecraft:diamond_shovel":1,"minecraft:sculk_sensor":2,"minecraft:snort_pottery_sherd":3,"minecraft:chainmail_leggings":1,"minecraft:diamond_axe":4,"minecraft:cherry_sapling":14,"minecraft:coal":162,"minecraft:ender_pearl":2},"minecraft:broken":{"minecraft:golden_helmet":2,"minecraft:iron_shovel":1,"minecraft:stone_pickaxe":5,"minecraft:stone_axe":4,"minecraft:stone_shovel":1,"minecraft:stone_hoe":1,"minecraft:iron_axe":2,"minecraft:iron_pickaxe":7}},"DataVersion":3465}