{"stats":{"minecraft:killed":{"minecraft:vex":2,"minecraft:evoker":1,"minecraft:vindicator":1,"minecraft:skeleton":1,"minecraft:magma_cube":1,"minecraft:pig":1,"minecraft:ravager":1,"minecraft:sheep":3,"minecraft:pillager":16,"minecraft:zombie":6,"minecraft:wither_skeleton":10,"minecraft:blaze":22,"minecraft:cow":6},"minecraft:broken":{"minecraft:iron_pickaxe":1,"minecraft:wooden_axe":1},"minecraft:dropped":{"minecraft:bread":1,"minecraft:wheat_seeds":7,"minecraft:diamond":1,"minecraft:cobblestone":5,"minecraft:granite":15,"minecraft:coal":2,"minecraft:stick":1,"minecraft:flint":1,"minecraft:dirt":33,"minecraft:gray_wool":1,"minecraft:diorite":6,"minecraft:torch":1,"minecraft:flowering_azalea":1,"minecraft:iron_axe":1,"minecraft:dandelion":2,"minecraft:bone":9,"minecraft:furnace":1,"minecraft:stone_sword":1,"minecraft:tuff":1,"minecraft:rotten_flesh":7,"minecraft:light_gray_wool":1,"minecraft:oak_planks":3,"minecraft:spruce_planks":1,"minecraft:oak_sapling":6,"minecraft:stone_pickaxe":1,"minecraft:netherrack":2},"minecraft:crafted":{"minecraft:cherry_planks":68,"minecraft:oak_planks":40,"minecraft:oak_sign":3,"minecraft:furnace":1,"minecraft:cobblestone_stairs":12,"minecraft:cooked_mutton":4,"minecraft:flint_and_steel":1,"minecraft:iron_boots":1,"minecraft:diamond_helmet":1,"minecraft:diamond_leggings":1,"minecraft:iron_axe":1,"minecraft:stone_pickaxe":1,"minecraft:cooked_beef":12,"minecraft:emerald":5,"minecraft:diamond_axe":1,"minecraft:crafting_table":1,"minecraft:baked_potato":13,"minecraft:bucket":1,"minecraft:bread":34,"minecraft:air":0,"minecraft:iron_chestplate":1,"minecraft:cherry_sign":3,"minecraft:shield":1,"minecraft:stick":148,"minecraft:iron_ingot":30,"minecraft:iron_pickaxe":2,"minecraft:wooden_axe":1,"minecraft:iron_shovel":1},"minecraft:custom":{"minecraft:interact_with_smithing_table":1,"minecraft:mob_kills":73,"minecraft:interact_with_crafting_table":21,"minecraft:leave_game":7,"minecraft:time_since_death":161137,"minecraft:climb_one_cm":291,"minecraft:sprint_one_cm":693526,"minecraft:walk_one_cm":231283,"minecraft:damage_blocked_by_shield":2510,"minecraft:drop":33,"minecraft:talked_to_villager":5,"minecraft:raid_win":1,"minecraft:play_time":161137,"minecraft:sneak_time":14606,"minecraft:walk_under_water_one_cm":12891,"minecraft:jump":3108,"minecraft:walk_on_water_one_cm":42610,"minecraft:total_world_time":161137,"minecraft:interact_with_furnace":28,"minecraft:traded_with_villager":5,"minecraft:raid_trigger":1,"minecraft:time_since_rest":161137,"minecraft:damage_taken":2502,"minecraft:damage_dealt":13369,"minecraft:swim_one_cm":33680,"minecraft:fly_one_cm":512131,"minecraft:open_chest":24,"minecraft:crouch_one_cm":48098,"minecraft:fall_one_cm":79383},"minecraft:mined":{"minecraft:tuff":1,"minecraft:deepslate_diamond_ore":17,"minecraft:cobblestone_stairs":1,"minecraft:cherry_log":17,"minecraft:nether_bricks":6,"minecraft:grass_block":32,"minecraft:soul_soil":12,"minecraft:nether_wart":9,"minecraft:sculk_catalyst":1,"minecraft:furnace":3,"minecraft:cobbled_deepslate":1,"minecraft:iron_ore":34,"minecraft:fire":33,"minecraft:oak_sign":1,"minecraft:stone":41,"minecraft:bone_block":17,"minecraft:spruce_slab":1,"minecraft:soul_fire":2,"minecraft:dandelion":2,"minecraft:oak_fence":1,"minecraft:crafting_table":6,"minecraft:nether_quartz_ore":12,"minecraft:tall_grass":2,"minecraft:cobblestone":34,"minecraft:oak_planks":9,"minecraft:wheat":118,"minecraft:yellow_bed":1,"minecraft:grass":18,"minecraft:oak_log":10,"minecraft:coal_ore":8,"minecraft:cherry_leaves":2,"minecraft:gravel":1,"minecraft:dirt":2,"minecraft:bamboo_hanging_sign":1,"minecraft:netherrack":140,"minecraft:oak_leaves":3,"minecraft:deepslate":9},"minecraft:used":{"minecraft:cherry_sapling":1,"minecraft:iron_shovel":35,"minecraft:flint_and_steel":47,"minecraft:spruce_slab":1,"minecraft:oak_sign":4,"minecraft:shield":49,"minecraft:netherrack":118,"minecraft:dirt":5,"minecraft:nether_bricks":6,"minecraft:wooden_axe":34,"minecraft:lava_bucket":10,"minecraft:iron_axe":136,"minecraft:bamboo_hanging_sign":1,"minecraft:iron_boots":1,"minecraft:soul_soil":10,"minecraft:furnace":4,"minecraft:cooked_beef":13,"minecraft:cobbled_deepslate":9,"minecraft:wheat_seeds":118,"minecraft:cooked_mutton":4,"minecraft:water_bucket":28,"minecraft:cobblestone_stairs":10,"minecraft:stone_pickaxe":100,"minecraft:baked_potato":13,"minecraft:oak_planks":20,"minecraft:diamond_axe":45,"minecraft:oak_slab":5,"minecraft:crafting_table":7,"minecraft:bread":26,"minecraft:iron_pickaxe":242,"minecraft:cherry_sign":3,"minecraft:cobblestone":113,"minecraft:porkchop":1,"minecraft:bucket":39},"minecraft:picked_up":{"minecraft:crafting_table":6,"minecraft:wheat":100,"minecraft:nether_wart":5,"minecraft:soul_soil":10,"minecraft:oak_sign":1,"minecraft:cobbled_deepslate":9,"minecraft:spruce_planks":1,"minecraft:beef":12,"minecraft:spruce_slab":1,"minecraft:light_gray_wool":1,"minecraft:furnace":4,"minecraft:tipped_arrow":1,"minecraft:stick":1,"minecraft:raw_iron":37,"minecraft:bamboo_hanging_sign":1,"minecraft:oak_fence":1,"minecraft:torch":1,"minecraft:porkchop":1,"minecraft:cherry_log":17,"minecraft:diorite":6,"minecraft:stone_sword":2,"minecraft:arrow":2,"minecraft:rotten_flesh":7,"minecraft:nether_bricks":6,"minecraft:totem_of_undying":1,"minecraft:blaze_rod":5,"minecraft:mutton":4,"minecraft:white_wool":1,"minecraft:bone_block":17,"minecraft:cobblestone":91,"minecraft:cooked_beef":1,"minecraft:leather":8,"minecraft:flint":2,"minecraft:tuff":1,"minecraft:oak_log":10,"minecraft:yellow_bed":2,"minecraft:cobblestone_stairs":1,"minecraft:dirt":38,"minecraft:white_banner":2,"minecraft:bone":13,"minecraft:wheat_seeds":284,"minecraft:iron_ingot":1,"minecraft:flowering_azalea":1,"minecraft:oak_planks":8,"minecraft:oak_slab":5,"minecraft:quartz":10,"minecraft:dandelion":2,"minecraft:diamond":17,"minecraft:crossbow":1,"minecraft:granite":15,"minecraft:cherry_sapling":1,"minecraft:gray_wool":1,"minecraft:emerald":2,"minecraft:bread":2,"minecraft:oak_sapling":6,"minecraft:netherrack":123,"minecraft:coal":16}},"DataVersion":3465}