{"stats":{"minecraft:broken":{"minecraft:stone_pickaxe":1,"minecraft:wooden_axe":1},"minecraft:custom":{"minecraft:interact_with_furnace":19,"minecraft:mob_kills":23,"minecraft:interact_with_crafting_table":14,"minecraft:leave_game":4,"minecraft:time_since_death":42297,"minecraft:time_since_rest":42322,"minecraft:sprint_one_cm":135293,"minecraft:damage_taken":1097,"minecraft:walk_one_cm":101324,"minecraft:drop":3,"minecraft:damage_dealt":4224,"minecraft:swim_one_cm":4468,"minecraft:fly_one_cm":243655,"minecraft:open_chest":2,"minecraft:crouch_one_cm":8107,"minecraft:play_time":54139,"minecraft:deaths":1,"minecraft:sneak_time":4264,"minecraft:walk_under_water_one_cm":13235,"minecraft:jump":1285,"minecraft:walk_on_water_one_cm":11188,"minecraft:total_world_time":54139,"minecraft:fall_one_cm":40680},"minecraft:used":{"minecraft:cooked_mutton":3,"minecraft:stone_pickaxe":116,"minecraft:oak_planks":3,"minecraft:wooden_pickaxe":37,"minecraft:diamond_axe":56,"minecraft:rotten_flesh":2,"minecraft:white_wool":2,"minecraft:crafting_table":9,"minecraft:obsidian":3,"minecraft:wooden_axe":33,"minecraft:iron_pickaxe":178,"minecraft:diamond_chestplate":1,"minecraft:cobblestone":107,"minecraft:beef":3,"minecraft:sweet_berries":15,"minecraft:furnace":5,"minecraft:cooked_porkchop":4,"minecraft:andesite":4,"minecraft:cooked_beef":2,"minecraft:cobbled_deepslate":45},"minecraft:killed":{"minecraft:pig":4,"minecraft:spider":1,"minecraft:iron_golem":1,"minecraft:creeper":2,"minecraft:sheep":5,"minecraft:skeleton":2,"minecraft:zombie":4,"minecraft:chicken":3},"minecraft:dropped":{"minecraft:wheat_seeds":2,"minecraft:diamond_axe":1},"minecraft:mined":{"minecraft:deepslate_diamond_ore":12,"minecraft:crafting_table":9,"minecraft:granite":18,"minecraft:grass_block":4,"minecraft:tall_grass":10,"minecraft:copper_ore":6,"minecraft:spruce_leaves":9,"minecraft:deepslate_gold_ore":4,"minecraft:lapis_ore":1,"minecraft:oak_planks":4,"minecraft:diorite":3,"minecraft:spawner":1,"minecraft:large_fern":1,"minecraft:furnace":5,"minecraft:fire":9,"minecraft:iron_ore":13,"minecraft:sweet_berry_bush":8,"minecraft:spruce_log":7,"minecraft:andesite":4,"minecraft:yellow_bed":1,"minecraft:grass":8,"minecraft:oak_log":7,"minecraft:coal_ore":11,"minecraft:gravel":1,"minecraft:dirt":13,"minecraft:stone":171,"minecraft:oak_leaves":6,"minecraft:fern":1,"minecraft:deepslate":45},"minecraft:killed_by":{"minecraft:creeper":1},"minecraft:picked_up":{"minecraft:crafting_table":9,"minecraft:feather":3,"minecraft:chicken":3,"minecraft:andesite":4,"minecraft:leather":4,"minecraft:oak_log":7,"minecraft:yellow_bed":1,"minecraft:gunpowder":2,"minecraft:lapis_lazuli":6,"minecraft:dirt":17,"minecraft:raw_copper":23,"minecraft:bone":2,"minecraft:wheat_seeds":3,"minecraft:cobbled_deepslate":45,"minecraft:raw_gold":4,"minecraft:iron_ingot":3,"minecraft:beef":5,"minecraft:poppy":1,"minecraft:oak_planks":4,"minecraft:furnace":5,"minecraft:stick":1,"minecraft:raw_iron":13,"minecraft:sweet_berries":20,"minecraft:torch":2,"minecraft:gravel":1,"minecraft:porkchop":14,"minecraft:diorite":3,"minecraft:white_bed":1,"minecraft:spruce_log":7,"minecraft:rotten_flesh":2,"minecraft:diamond":12,"minecraft:diamond_axe":1,"minecraft:granite":18,"minecraft:gray_wool":1,"minecraft:oak_sapling":1,"minecraft:mutton":7,"minecraft:coal":15,"minecraft:white_wool":4,"minecraft:cobblestone":166},"minecraft:crafted":{"minecraft:cooked_beef":2,"minecraft:oak_planks":28,"minecraft:cooked_porkchop":10,"minecraft:diamond_axe":1,"minecraft:crafting_table":2,"minecraft:spruce_planks":28,"minecraft:wooden_pickaxe":2,"minecraft:furnace":2,"minecraft:cooked_mutton":3,"minecraft:air":0,"minecraft:stick":16,"minecraft:iron_ingot":4,"minecraft:iron_pickaxe":2,"minecraft:stone_pickaxe":1,"minecraft:wooden_axe":1,"minecraft:diamond_chestplate":1}},"DataVersion":3465}