{"stats":{"minecraft:killed":{"minecraft:spider":3,"minecraft:slime":7,"minecraft:horse":1,"minecraft:skeleton":1,"minecraft:chicken":3,"minecraft:pig":42,"minecraft:creeper":1,"minecraft:sheep":14,"minecraft:zombie":6,"minecraft:cow":24},"minecraft:custom":{"minecraft:mob_kills":103,"minecraft:interact_with_crafting_table":78,"minecraft:open_barrel":1,"minecraft:leave_game":14,"minecraft:time_since_death":722385,"minecraft:climb_one_cm":5015,"minecraft:sprint_one_cm":1040271,"minecraft:walk_one_cm":718069,"minecraft:drop":26,"minecraft:talked_to_villager":10,"minecraft:play_time":722385,"minecraft:sneak_time":24423,"minecraft:walk_under_water_one_cm":114733,"minecraft:boat_one_cm":102240,"minecraft:jump":7005,"minecraft:interact_with_blast_furnace":24,"minecraft:walk_on_water_one_cm":36791,"minecraft:total_world_time":722385,"minecraft:interact_with_furnace":89,"minecraft:sleep_in_bed":7,"minecraft:time_since_rest":26358,"minecraft:open_enderchest":1,"minecraft:damage_taken":1596,"minecraft:damage_dealt":10436,"minecraft:swim_one_cm":137405,"minecraft:fly_one_cm":1485748,"minecraft:open_chest":247,"minecraft:crouch_one_cm":40926,"minecraft:interact_with_smoker":38,"minecraft:fall_one_cm":152184},"minecraft:used":{"minecraft:cherry_sapling":2,"minecraft:iron_shovel":48,"minecraft:spruce_slab":1,"minecraft:stone_shovel":526,"minecraft:oak_sign":6,"minecraft:chest":6,"minecraft:spruce_planks":12,"minecraft:iron_sword":246,"minecraft:oak_door":2,"minecraft:torch":25,"minecraft:dirt":73,"minecraft:tuff":1,"minecraft:granite":14,"minecraft:wooden_axe":1,"minecraft:iron_axe":3,"minecraft:furnace":8,"minecraft:oak_sapling":5,"minecraft:cooked_beef":11,"minecraft:cobbled_deepslate":7,"minecraft:cherry_log":19,"minecraft:bamboo_planks":2,"minecraft:wheat_seeds":489,"minecraft:cooked_mutton":12,"minecraft:cobblestone_stairs":8,"minecraft:stone_pickaxe":623,"minecraft:oak_planks":151,"minecraft:copper_block":4,"minecraft:wooden_pickaxe":3,"minecraft:cherry_planks":40,"minecraft:golden_hoe":30,"minecraft:oak_slab":25,"minecraft:crafting_table":9,"minecraft:blast_furnace":3,"minecraft:white_bed":5,"minecraft:spruce_log":2,"minecraft:smoker":2,"minecraft:lightning_rod":2,"minecraft:apple":1,"minecraft:cherry_door":3,"minecraft:bread":28,"minecraft:iron_pickaxe":450,"minecraft:stone_axe":334,"minecraft:cobblestone":535,"minecraft:porkchop":2,"minecraft:cooked_porkchop":11,"minecraft:andesite":7,"minecraft:yellow_bed":1,"minecraft:oak_boat":2,"minecraft:brush":5,"minecraft:stripped_oak_log":7,"minecraft:oak_hanging_sign":1},"minecraft:broken":{"minecraft:golden_hoe":1,"minecraft:stone_pickaxe":4,"minecraft:stone_axe":2,"minecraft:iron_sword":1,"minecraft:iron_pickaxe":1,"minecraft:stone_shovel":4},"minecraft:crafted":{"minecraft:cherry_planks":76,"minecraft:smooth_stone":3,"minecraft:oak_planks":180,"minecraft:stone_shovel":5,"minecraft:oak_sign":6,"minecraft:cooked_chicken":2,"minecraft:lightning_rod":1,"minecraft:furnace":6,"minecraft:blast_furnace":1,"minecraft:stone":3,"minecraft:cobblestone_stairs":8,"minecraft:cooked_mutton":21,"minecraft:bamboo_block":1,"minecraft:glass":4,"minecraft:iron_boots":1,"minecraft:iron_axe":1,"minecraft:stone_pickaxe":6,"minecraft:chest":6,"minecraft:copper_block":4,"minecraft:smoker":2,"minecraft:cooked_beef":59,"minecraft:oak_slab":36,"minecraft:cooked_porkchop":77,"minecraft:crafting_table":4,"minecraft:wooden_pickaxe":1,"minecraft:iron_helmet":1,"minecraft:iron_sword":2,"minecraft:brush":1,"minecraft:copper_ingot":42,"minecraft:stone_axe":2,"minecraft:bread":101,"minecraft:air":0,"minecraft:oak_boat":1,"minecraft:bamboo_planks":2,"minecraft:iron_chestplate":1,"minecraft:stick":84,"minecraft:iron_ingot":70,"minecraft:iron_pickaxe":3,"minecraft:wooden_axe":1,"minecraft:stone_sword":1,"minecraft:iron_shovel":2,"minecraft:cherry_door":3,"minecraft:iron_leggings":1,"minecraft:white_bed":1,"minecraft:torch":56},"minecraft:dropped":{"minecraft:bread":2,"minecraft:wheat_seeds":1,"minecraft:cooked_beef":3,"minecraft:spruce_stairs":1,"minecraft:wooden_hoe":1,"minecraft:stone_button":1,"minecraft:torch":16,"minecraft:wooden_axe":1,"minecraft:brown_wool":1,"minecraft:bone":3,"minecraft:kelp":1,"minecraft:stone_sword":2,"minecraft:rotten_flesh":6,"minecraft:spruce_planks":2,"minecraft:bow":1,"minecraft:stone_pickaxe":3},"minecraft:mined":{"minecraft:tuff":7,"minecraft:spruce_planks":26,"minecraft:white_bed":3,"minecraft:oak_door":1,"minecraft:sculk_vein":3,"minecraft:cherry_log":30,"minecraft:granite":21,"minecraft:stone_button":15,"minecraft:grass_block":214,"minecraft:moss_block":1,"minecraft:oak_wall_sign":1,"minecraft:large_fern":5,"minecraft:furnace":3,"minecraft:iron_ore":18,"minecraft:fire":3,"minecraft:andesite":7,"minecraft:moss_carpet":1,"minecraft:sculk_shrieker":1,"minecraft:deepslate_iron_ore":20,"minecraft:stripped_oak_log":10,"minecraft:packed_ice":5,"minecraft:bamboo":1,"minecraft:stone":685,"minecraft:oak_slab":10,"minecraft:cherry_planks":8,"minecraft:snow_block":2,"minecraft:powder_snow":25,"minecraft:crafting_table":6,"minecraft:blast_furnace":1,"minecraft:lightning_rod":1,"minecraft:cobblestone":92,"minecraft:tall_grass":9,"minecraft:copper_ore":38,"minecraft:oak_planks":110,"minecraft:diorite":7,"minecraft:amethyst_block":2,"minecraft:spruce_stairs":2,"minecraft:wheat":376,"minecraft:spruce_log":1,"minecraft:cherry_door":1,"minecraft:yellow_bed":1,"minecraft:grass":194,"minecraft:coal_ore":104,"minecraft:oak_log":26,"minecraft:cherry_leaves":6,"minecraft:dirt":339,"minecraft:cherry_sign":1,"minecraft:oak_leaves":124,"minecraft:deepslate":30},"minecraft:picked_up":{"minecraft:crafting_table":7,"minecraft:wheat":354,"minecraft:chicken":3,"minecraft:amethyst_block":3,"minecraft:string":6,"minecraft:raw_copper":134,"minecraft:oak_hanging_sign":1,"minecraft:explorer_pottery_sherd":1,"minecraft:oak_sign":2,"minecraft:cobbled_deepslate":27,"minecraft:spruce_planks":24,"minecraft:beef":45,"minecraft:oak_boat":2,"minecraft:spruce_slab":1,"minecraft:egg":3,"minecraft:furnace":6,"minecraft:stick":3,"minecraft:raw_iron":38,"minecraft:oak_door":3,"minecraft:torch":14,"minecraft:spruce_stairs":2,"minecraft:porkchop":80,"minecraft:lightning_rod":1,"minecraft:cherry_log":61,"minecraft:stone_button":1,"minecraft:diorite":7,"minecraft:stone_sword":1,"minecraft:rotten_flesh":8,"minecraft:arrow":2,"minecraft:mutton":19,"minecraft:cobblestone":782,"minecraft:snowball":8,"minecraft:white_wool":12,"minecraft:oxeye_daisy":1,"minecraft:nautilus_shell":1,"minecraft:stripped_oak_log":12,"minecraft:clock":1,"minecraft:feather":4,"minecraft:cherry_planks":8,"minecraft:glow_ink_sac":4,"minecraft:andesite":7,"minecraft:leather":24,"minecraft:brown_wool":1,"minecraft:golden_leggings":1,"minecraft:tuff":6,"minecraft:oak_log":26,"minecraft:yellow_bed":1,"minecraft:gunpowder":1,"minecraft:cherry_door":1,"minecraft:wooden_hoe":1,"minecraft:dirt":559,"minecraft:lantern":1,"minecraft:cooked_mutton":1,"minecraft:bone":6,"minecraft:apple":1,"minecraft:kelp":1,"minecraft:bow":1,"minecraft:wheat_seeds":1083,"minecraft:stone_pickaxe":1,"minecraft:blade_pottery_sherd":1,"minecraft:cherry_sign":1,"minecraft:bamboo":11,"minecraft:oak_planks":115,"minecraft:oak_slab":20,"minecraft:cooked_porkchop":8,"minecraft:dandelion":1,"minecraft:blast_furnace":2,"minecraft:white_bed":4,"minecraft:spruce_log":2,"minecraft:spider_eye":1,"minecraft:slime_ball":3,"minecraft:granite":25,"minecraft:cherry_sapling":4,"minecraft:gray_wool":2,"minecraft:emerald":1,"minecraft:bread":6,"minecraft:oak_sapling":25,"minecraft:black_wool":1,"minecraft:coal":163}},"DataVersion":3465}