{"stats":{"minecraft:custom":{"minecraft:interact_with_crafting_table":105,"minecraft:open_barrel":12,"minecraft:eat_cake_slice":2,"minecraft:leave_game":19,"minecraft:time_since_death":449869,"minecraft:sprint_one_cm":2483314,"minecraft:drop":247,"minecraft:talked_to_villager":46,"minecraft:play_time":1268801,"minecraft:deaths":4,"minecraft:jump":13761,"minecraft:walk_on_water_one_cm":191712,"minecraft:enchant_item":7,"minecraft:interact_with_furnace":59,"minecraft:traded_with_villager":36,"minecraft:interact_with_loom":1,"minecraft:sleep_in_bed":38,"minecraft:open_enderchest":5,"minecraft:damage_dealt":35919,"minecraft:crouch_one_cm":93949,"minecraft:interact_with_smoker":5,"minecraft:interact_with_smithing_table":12,"minecraft:mob_kills":179,"minecraft:inspect_hopper":1,"minecraft:climb_one_cm":10193,"minecraft:walk_one_cm":2206473,"minecraft:sneak_time":39476,"minecraft:walk_under_water_one_cm":301485,"minecraft:boat_one_cm":164568,"minecraft:interact_with_blast_furnace":38,"minecraft:total_world_time":1268801,"minecraft:interact_with_grindstone":1,"minecraft:interact_with_stonecutter":1,"minecraft:time_since_rest":89125,"minecraft:damage_taken":7563,"minecraft:swim_one_cm":397311,"minecraft:fly_one_cm":2697068,"minecraft:open_chest":692,"minecraft:fall_one_cm":283739},"minecraft:killed_by":{"minecraft:drowned":1},"minecraft:used":{"minecraft:cherry_sapling":2,"minecraft:spruce_slab":98,"minecraft:oak_sign":2,"minecraft:decorated_pot":3,"minecraft:chest":12,"minecraft:stone":38,"minecraft:rotten_flesh":8,"minecraft:iron_chestplate":1,"minecraft:soul_sand":5,"minecraft:carrot":1,"minecraft:tuff":51,"minecraft:stripped_spruce_log":1,"minecraft:lantern":3,"minecraft:dark_oak_slab":11,"minecraft:spruce_hanging_sign":7,"minecraft:bow":1,"minecraft:furnace":1,"minecraft:oak_sapling":1,"minecraft:egg":19,"minecraft:bamboo_trapdoor":32,"minecraft:diamond_boots":1,"minecraft:stone_pickaxe":167,"minecraft:dark_oak_sign":14,"minecraft:oak_planks":696,"minecraft:ender_pearl":1,"minecraft:wooden_pickaxe":16,"minecraft:sandstone":12,"minecraft:diamond_axe":1641,"minecraft:bamboo_stairs":10,"minecraft:glow_berries":4,"minecraft:sand":1,"minecraft:stone_brick_wall":5,"minecraft:end_stone":13,"minecraft:firework_rocket":16,"minecraft:stripped_bamboo_block":1,"minecraft:bread":107,"minecraft:gravel":2,"minecraft:diamond_sword":340,"minecraft:wooden_sword":8,"minecraft:chain":2,"minecraft:andesite":4,"minecraft:oak_hanging_sign":1,"minecraft:bone_meal":133,"minecraft:stone_sword":50,"minecraft:flint_and_steel":8,"minecraft:spruce_planks":19,"minecraft:sandstone_wall":65,"minecraft:bamboo_door":1,"minecraft:netherrack":83,"minecraft:torch":22,"minecraft:dirt":25,"minecraft:spyglass":485,"minecraft:spruce_stairs":13,"minecraft:diamond_helmet":1,"minecraft:dark_oak_planks":2,"minecraft:bamboo_fence":44,"minecraft:bookshelf":1,"minecraft:oak_stairs":34,"minecraft:bamboo_hanging_sign":34,"minecraft:barrel":21,"minecraft:diamond_chestplate":1,"minecraft:beef":5,"minecraft:netherite_pickaxe":576,"minecraft:cooked_beef":6,"minecraft:cobbled_deepslate":54,"minecraft:bamboo_planks":53,"minecraft:iron_leggings":1,"minecraft:cooked_mutton":9,"minecraft:wheat_seeds":932,"minecraft:water_bucket":18,"minecraft:spruce_sign":7,"minecraft:spruce_fence_gate":2,"minecraft:oak_slab":153,"minecraft:crafting_table":12,"minecraft:bamboo_block":137,"minecraft:campfire":1,"minecraft:white_bed":2,"minecraft:spruce_log":112,"minecraft:book":4,"minecraft:oak_log":17,"minecraft:diamond_pickaxe":1568,"minecraft:diamond_shovel":303,"minecraft:iron_pickaxe":551,"minecraft:spruce_trapdoor":32,"minecraft:spruce_sapling":27,"minecraft:bamboo_slab":59,"minecraft:pink_petals":1,"minecraft:cobblestone":145,"minecraft:cooked_porkchop":47,"minecraft:bucket":19,"minecraft:stripped_oak_log":2,"minecraft:diamond_leggings":1},"minecraft:killed":{"minecraft:spider":9,"minecraft:shulker":8,"minecraft:skeleton":30,"minecraft:chicken":2,"minecraft:skeleton_horse":1,"minecraft:pig":3,"minecraft:zombie_villager":1,"minecraft:creeper":5,"minecraft:sheep":8,"minecraft:goat":1,"minecraft:zombie":29,"minecraft:cow":2,"minecraft:drowned":65,"minecraft:enderman":9},"minecraft:dropped":{"minecraft:porkchop":3,"minecraft:lapis_lazuli":20,"minecraft:oak_log":4,"minecraft:dark_oak_slab":1,"minecraft:leather":3,"minecraft:dirt":34,"minecraft:mutton":4,"minecraft:white_wool":6,"minecraft:bone":5,"minecraft:gravel":7,"minecraft:iron_nugget":3,"minecraft:cobbled_deepslate":64,"minecraft:wheat":7,"minecraft:birch_sapling":1,"minecraft:rotten_flesh":33,"minecraft:oak_planks":3,"minecraft:cooked_mutton":2,"minecraft:gunpowder":3,"minecraft:arrow":4,"minecraft:beef":2,"minecraft:netherrack":2,"minecraft:bread":32,"minecraft:netherite_pickaxe":1,"minecraft:wheat_seeds":528,"minecraft:feather":1,"minecraft:cobblestone":123,"minecraft:granite":52,"minecraft:stick":2,"minecraft:diorite":15,"minecraft:iron_leggings":1,"minecraft:pumpkin":1,"minecraft:string":2,"minecraft:pink_petals":2,"minecraft:redstone":5,"minecraft:furnace":1,"minecraft:stone_sword":2,"minecraft:raw_copper":16,"minecraft:tuff":11,"minecraft:chicken":1,"minecraft:light_gray_wool":1,"minecraft:bamboo_raft":1,"minecraft:oak_button":1,"minecraft:spruce_planks":11,"minecraft:diamond_pickaxe":1,"minecraft:andesite":23,"minecraft:yellow_bed":2,"minecraft:spider_eye":5,"minecraft:bamboo":6,"minecraft:spruce_log":16,"minecraft:stone_pickaxe":1,"minecraft:wooden_pickaxe":1},"minecraft:crafted":{"minecraft:oak_planks":724,"minecraft:barrel":24,"minecraft:spruce_hanging_sign":18,"minecraft:chain":30,"minecraft:diamond_shovel":1,"minecraft:bookshelf":1,"minecraft:bamboo_door":3,"minecraft:cooked_mutton":4,"minecraft:bamboo_block":110,"minecraft:diamond_helmet":1,"minecraft:diamond_leggings":1,"minecraft:decorated_pot":3,"minecraft:chest":7,"minecraft:netherite_upgrade_smithing_template":10,"minecraft:stone_bricks":64,"minecraft:oak_slab":180,"minecraft:emerald":35,"minecraft:cooked_porkchop":3,"minecraft:diamond_axe":1,"minecraft:crafting_table":5,"minecraft:spruce_planks":184,"minecraft:wooden_pickaxe":1,"minecraft:brush":1,"minecraft:copper_ingot":1,"minecraft:campfire":1,"minecraft:spruce_trapdoor":22,"minecraft:bamboo_planks":274,"minecraft:diamond_pickaxe":2,"minecraft:stick":48,"minecraft:iron_ingot":297,"minecraft:iron_pickaxe":3,"minecraft:stone_sword":1,"minecraft:gold_ingot":27,"minecraft:sandstone":73,"minecraft:netherite_ingot":7,"minecraft:spruce_fence_gate":2,"minecraft:wooden_sword":1,"minecraft:raw_iron":9,"minecraft:stone_brick_wall":12,"minecraft:iron_nugget":90,"minecraft:bamboo_fence":48,"minecraft:furnace":1,"minecraft:dark_oak_sign":24,"minecraft:bone_meal":141,"minecraft:bamboo_stairs":12,"minecraft:flint_and_steel":1,"minecraft:lantern":1,"minecraft:bamboo_hanging_sign":60,"minecraft:spruce_slab":138,"minecraft:stone_pickaxe":1,"minecraft:diamond_boots":1,"minecraft:netherite_scrap":31,"minecraft:dark_oak_planks":60,"minecraft:diamond_sword":1,"minecraft:spruce_sign":6,"minecraft:iron_sword":1,"minecraft:bucket":2,"minecraft:bread":128,"minecraft:air":0,"minecraft:bamboo_slab":66,"minecraft:sandstone_wall":66,"minecraft:oak_stairs":32,"minecraft:white_bed":1,"minecraft:bamboo_trapdoor":30,"minecraft:diamond_chestplate":1},"minecraft:mined":{"minecraft:dark_oak_planks":2,"minecraft:large_amethyst_bud":1,"minecraft:spruce_planks":59,"minecraft:white_bed":1,"minecraft:sculk_vein":1,"minecraft:obsidian":1,"minecraft:spruce_trapdoor":10,"minecraft:granite":68,"minecraft:grass_block":28,"minecraft:soul_soil":5,"minecraft:purpur_slab":1,"minecraft:bamboo_block":2,"minecraft:oak_wall_sign":1,"minecraft:magma_block":13,"minecraft:raw_iron_block":1,"minecraft:cobbled_deepslate":1,"minecraft:barrel":1,"minecraft:iron_ore":43,"minecraft:fire":14,"minecraft:pumpkin":1,"minecraft:deepslate_lapis_ore":44,"minecraft:oak_sign":1,"minecraft:oak_stairs":6,"minecraft:small_amethyst_bud":1,"minecraft:iron_bars":2,"minecraft:stripped_bamboo_block":146,"minecraft:spruce_slab":43,"minecraft:bamboo_slab":1,"minecraft:deepslate_redstone_ore":1,"minecraft:blackstone":5,"minecraft:magenta_wall_banner":8,"minecraft:amethyst_cluster":3,"minecraft:powder_snow":5,"minecraft:torch":8,"minecraft:chest":6,"minecraft:cobblestone":13,"minecraft:oak_planks":269,"minecraft:iron_door":2,"minecraft:wall_torch":12,"minecraft:spruce_sign":1,"minecraft:pink_petals":3,"minecraft:spruce_wall_hanging_sign":2,"minecraft:dark_oak_slab":14,"minecraft:bamboo_planks":10,"minecraft:wheat":1308,"minecraft:purpur_block":10,"minecraft:grass":23,"minecraft:oak_log":191,"minecraft:sand":259,"minecraft:dirt":28,"minecraft:bamboo_hanging_sign":3,"minecraft:ancient_debris":32,"minecraft:netherrack":998,"minecraft:oak_leaves":11,"minecraft:deepslate":276,"minecraft:diamond_ore":3,"minecraft:tuff":77,"minecraft:deepslate_diamond_ore":77,"minecraft:bamboo_fence":4,"minecraft:cherry_sapling":3,"minecraft:decorated_pot":2,"minecraft:spruce_leaves":35,"minecraft:sandstone":12,"minecraft:large_fern":2,"minecraft:oak_trapdoor":1,"minecraft:spruce_sapling":2,"minecraft:furnace":2,"minecraft:andesite":76,"minecraft:stripped_spruce_log":18,"minecraft:bookshelf":1,"minecraft:cobblestone_slab":2,"minecraft:deepslate_iron_ore":62,"minecraft:lantern":2,"minecraft:stripped_oak_log":2,"minecraft:oak_hanging_sign":1,"minecraft:stone":839,"minecraft:ender_chest":2,"minecraft:spruce_hanging_sign":1,"minecraft:oak_slab":25,"minecraft:soul_sand":31,"minecraft:crafting_table":7,"minecraft:cornflower":1,"minecraft:emerald_ore":4,"minecraft:sculk_sensor":1,"minecraft:tall_grass":6,"minecraft:purpur_pillar":4,"minecraft:copper_ore":8,"minecraft:lapis_ore":2,"minecraft:sculk":23,"minecraft:diorite":86,"minecraft:spruce_stairs":1,"minecraft:bamboo_trapdoor":9,"minecraft:spruce_log":197,"minecraft:bee_nest":1,"minecraft:yellow_bed":2,"minecraft:coal_ore":25,"minecraft:end_rod":7,"minecraft:gravel":18,"minecraft:cracked_stone_bricks":1,"minecraft:oak_button":1,"minecraft:stone_bricks":4,"minecraft:cherry_sign":2,"minecraft:mossy_stone_bricks":3,"minecraft:fern":3},"minecraft:picked_up":{"minecraft:shulker_shell":2,"minecraft:iron_chestplate":3,"minecraft:wheat":1133,"minecraft:diamond_sword":3,"minecraft:oak_stairs":8,"minecraft:enchanted_book":1,"minecraft:string":28,"minecraft:raw_copper":35,"minecraft:oak_hanging_sign":2,"minecraft:iron_leggings":4,"minecraft:netherite_ingot":2,"minecraft:oak_sign":4,"minecraft:diamond_leggings":2,"minecraft:cobbled_deepslate":315,"minecraft:spruce_planks":85,"minecraft:netherite_upgrade_smithing_template":2,"minecraft:iron_pickaxe":1,"minecraft:furnace":8,"minecraft:stick":73,"minecraft:purpur_pillar":3,"minecraft:torch":36,"minecraft:bamboo_slab":1,"minecraft:spruce_stairs":1,"minecraft:porkchop":6,"minecraft:diorite":92,"minecraft:bamboo_block":2,"minecraft:stone_sword":3,"minecraft:rotten_flesh":85,"minecraft:end_rod":4,"minecraft:netherite_chestplate":1,"minecraft:spruce_hanging_sign":4,"minecraft:obsidian":16,"minecraft:iron_bars":2,"minecraft:cobblestone":1039,"minecraft:nautilus_shell":6,"minecraft:pink_petals":19,"minecraft:magma_block":26,"minecraft:feather":1,"minecraft:cooked_beef":11,"minecraft:cherry_leaves":16,"minecraft:cherry_planks":14,"minecraft:iron_door":2,"minecraft:water_bucket":2,"minecraft:andesite":94,"minecraft:flint":2,"minecraft:tuff":88,"minecraft:lapis_lazuli":781,"minecraft:netherite_leggings":1,"minecraft:cherry_door":1,"minecraft:dirt":60,"minecraft:lantern":2,"minecraft:stripped_bamboo_block":213,"minecraft:bone":57,"minecraft:bow":5,"minecraft:wheat_seeds":3579,"minecraft:diamond_helmet":2,"minecraft:bamboo":37,"minecraft:oak_planks":512,"minecraft:cooked_porkchop":45,"minecraft:bamboo_raft":1,"minecraft:sand":259,"minecraft:stripped_spruce_log":18,"minecraft:barrel":33,"minecraft:deepslate":9,"minecraft:diamond":161,"minecraft:netherite_helmet":1,"minecraft:granite":94,"minecraft:bone_meal":157,"minecraft:spruce_sign":1,"minecraft:emerald":11,"minecraft:bread":23,"minecraft:oak_sapling":2,"minecraft:netherrack":1420,"minecraft:diamond_pickaxe":3,"minecraft:shelter_pottery_sherd":1,"minecraft:crafting_table":10,"minecraft:chicken":1,"minecraft:wooden_pickaxe":1,"minecraft:purpur_block":8,"minecraft:brick":6,"minecraft:oak_trapdoor":1,"minecraft:flint_and_steel":4,"minecraft:netherite_scrap":3,"minecraft:blackstone":5,"minecraft:cracked_stone_bricks":2,"minecraft:beef":7,"minecraft:iron_nugget":2,"minecraft:light_gray_wool":1,"minecraft:spruce_slab":95,"minecraft:chest":6,"minecraft:birch_sapling":1,"minecraft:spruce_trapdoor":10,"minecraft:egg":22,"minecraft:raw_iron":204,"minecraft:sandstone":10,"minecraft:end_stone":13,"minecraft:stone":21,"minecraft:bamboo_hanging_sign":44,"minecraft:copper_ingot":12,"minecraft:redstone":10,"minecraft:netherite_pickaxe":2,"minecraft:arrow":34,"minecraft:diamond_chestplate":2,"minecraft:diamond_boots":2,"minecraft:purpur_slab":1,"minecraft:gold_ingot":52,"minecraft:mutton":13,"minecraft:white_wool":12,"minecraft:stripped_oak_log":2,"minecraft:netherite_boots":1,"minecraft:magenta_banner":5,"minecraft:salmon":2,"minecraft:leather":3,"minecraft:oak_log":215,"minecraft:ancient_debris":31,"minecraft:yellow_bed":3,"minecraft:gunpowder":3,"minecraft:cooked_mutton":7,"minecraft:coast_armor_trim_smithing_template":2,"minecraft:stone_bricks":6,"minecraft:iron_ingot":29,"minecraft:cherry_sign":5,"minecraft:soul_sand":57,"minecraft:iron_sword":2,"minecraft:book":3,"minecraft:oak_slab":76,"minecraft:dark_oak_slab":6,"minecraft:bamboo_fence":12,"minecraft:bamboo_planks":121,"minecraft:pumpkin":1,"minecraft:sculk":1,"minecraft:spyglass":1,"minecraft:raw_iron_block":2,"minecraft:gravel":23,"minecraft:amethyst_shard":36,"minecraft:spruce_sapling":100,"minecraft:white_bed":1,"minecraft:spruce_log":328,"minecraft:spider_eye":5,"minecraft:sculk_sensor":1,"minecraft:bamboo_trapdoor":22,"minecraft:snort_pottery_sherd":1,"minecraft:diamond_axe":4,"minecraft:cherry_sapling":11,"minecraft:oak_button":1,"minecraft:coal":69,"minecraft:ender_pearl":1},"minecraft:broken":{"minecraft:stone_pickaxe":1,"minecraft:diamond_pickaxe":1,"minecraft:iron_pickaxe":1}},"DataVersion":3465}