{"stats":{"minecraft:custom":{"minecraft:mob_kills":3,"minecraft:interact_with_crafting_table":6,"minecraft:open_barrel":1,"minecraft:bell_ring":8,"minecraft:leave_game":2,"minecraft:time_since_death":5303,"minecraft:climb_one_cm":4770,"minecraft:time_since_rest":5351,"minecraft:sprint_one_cm":244618,"minecraft:damage_taken":831,"minecraft:walk_one_cm":150520,"minecraft:damage_blocked_by_shield":450,"minecraft:damage_dealt":1233,"minecraft:swim_one_cm":5591,"minecraft:fly_one_cm":549548,"minecraft:open_chest":35,"minecraft:crouch_one_cm":3942,"minecraft:play_time":65226,"minecraft:deaths":2,"minecraft:sneak_time":1616,"minecraft:walk_under_water_one_cm":4731,"minecraft:boat_one_cm":193829,"minecraft:jump":2335,"minecraft:walk_on_water_one_cm":11621,"minecraft:total_world_time":65226,"minecraft:fall_one_cm":58589},"minecraft:used":{"minecraft:chorus_fruit":5,"minecraft:shield":9,"minecraft:cooked_chicken":6,"minecraft:torch":1,"minecraft:oak_log":8,"minecraft:apple":2,"minecraft:iron_axe":33,"minecraft:iron_pickaxe":12,"minecraft:beef":1,"minecraft:egg":1,"minecraft:cooked_beef":3,"minecraft:cobbled_deepslate":39},"minecraft:killed_by":{"minecraft:shulker":1,"minecraft:enderman":1},"minecraft:killed":{"minecraft:skeleton":1,"minecraft:zombie":1,"minecraft:cow":1},"minecraft:mined":{"minecraft:mossy_cobblestone":1,"minecraft:dandelion":1,"minecraft:end_stone":2,"minecraft:oak_fence":2,"minecraft:oak_pressure_plate":1,"minecraft:cobblestone":4,"minecraft:wall_torch":1,"minecraft:wheat":1,"minecraft:cobbled_deepslate":1,"minecraft:oak_log":7,"minecraft:oak_stairs":2,"minecraft:stripped_oak_log":2,"minecraft:chorus_plant":4,"minecraft:oak_leaves":1},"minecraft:crafted":{"minecraft:oak_planks":8,"minecraft:iron_helmet":1,"minecraft:iron_chestplate":1,"minecraft:iron_boots":1,"minecraft:shield":1,"minecraft:iron_axe":1,"minecraft:stick":4,"minecraft:iron_pickaxe":1,"minecraft:iron_leggings":1},"minecraft:picked_up":{"minecraft:stripped_oak_log":4,"minecraft:iron_chestplate":1,"minecraft:wheat":2,"minecraft:cooked_beef":3,"minecraft:leather":4,"minecraft:oak_stairs":4,"minecraft:oak_log":8,"minecraft:shield":1,"minecraft:iron_axe":1,"minecraft:iron_leggings":1,"minecraft:leather_boots":1,"minecraft:bone":4,"minecraft:wheat_seeds":8,"minecraft:cobbled_deepslate":42,"minecraft:iron_ingot":37,"minecraft:beef":1,"minecraft:cooked_chicken":6,"minecraft:iron_pickaxe":1,"minecraft:oak_planks":16,"minecraft:iron_boots":1,"minecraft:egg":1,"minecraft:end_stone":2,"minecraft:oak_fence":4,"minecraft:torch":1,"minecraft:dandelion":2,"minecraft:oak_pressure_plate":4,"minecraft:mossy_cobblestone":2,"minecraft:arrow":2,"minecraft:iron_helmet":1,"minecraft:chorus_fruit":58,"minecraft:cobblestone":8}},"DataVersion":3465}