{"stats":{"minecraft:custom":{"minecraft:mob_kills":108,"minecraft:animals_bred":5,"minecraft:interact_with_crafting_table":36,"minecraft:interact_with_campfire":8,"minecraft:leave_game":20,"minecraft:time_since_death":46126,"minecraft:climb_one_cm":9765,"minecraft:sprint_one_cm":517858,"minecraft:walk_one_cm":573401,"minecraft:damage_blocked_by_shield":1175,"minecraft:drop":110,"minecraft:play_time":261105,"minecraft:deaths":9,"minecraft:sneak_time":3023,"minecraft:walk_under_water_one_cm":52678,"minecraft:boat_one_cm":286728,"minecraft:jump":5006,"minecraft:walk_on_water_one_cm":62684,"minecraft:total_world_time":261105,"minecraft:interact_with_furnace":29,"minecraft:raid_trigger":1,"minecraft:sleep_in_bed":13,"minecraft:time_since_rest":21726,"minecraft:damage_taken":8074,"minecraft:damage_dealt":14174,"minecraft:swim_one_cm":101760,"minecraft:fly_one_cm":1056975,"minecraft:open_chest":107,"minecraft:crouch_one_cm":4430,"minecraft:fall_one_cm":178404},"minecraft:killed_by":{"minecraft:spider":2,"minecraft:vindicator":2,"minecraft:zombie":3},"minecraft:used":{"minecraft:oak_trapdoor":1,"minecraft:moss_carpet":1,"minecraft:ladder":3,"minecraft:chest":2,"minecraft:spruce_planks":3,"minecraft:shield":28,"minecraft:iron_sword":192,"minecraft:cooked_chicken":3,"minecraft:rotten_flesh":2,"minecraft:netherrack":5,"minecraft:iron_chestplate":1,"minecraft:torch":43,"minecraft:dirt":52,"minecraft:mutton":2,"minecraft:carrot":158,"minecraft:diamond_helmet":1,"minecraft:granite":2,"minecraft:stripped_spruce_log":5,"minecraft:wooden_axe":30,"minecraft:iron_axe":116,"minecraft:spruce_button":8,"minecraft:iron_helmet":1,"minecraft:iron_boots":3,"minecraft:bamboo":55,"minecraft:diamond_chestplate":2,"minecraft:basalt":11,"minecraft:bow":8,"minecraft:soul_soil":4,"minecraft:sweet_berries":23,"minecraft:scaffolding":58,"minecraft:oak_sapling":5,"minecraft:egg":4,"minecraft:cooked_beef":3,"minecraft:potato":2,"minecraft:cobbled_deepslate":142,"minecraft:iron_leggings":1,"minecraft:wheat_seeds":11,"minecraft:cooked_mutton":32,"minecraft:water_bucket":62,"minecraft:diorite":4,"minecraft:stone_pickaxe":206,"minecraft:oak_planks":8,"minecraft:wooden_pickaxe":35,"minecraft:polished_blackstone_bricks":4,"minecraft:white_wool":2,"minecraft:sand":1,"minecraft:crafting_table":1,"minecraft:campfire":1,"minecraft:white_bed":1,"minecraft:spruce_log":83,"minecraft:deepslate_tiles":126,"minecraft:black_wool":2,"minecraft:diamond_pickaxe":109,"minecraft:diamond_shovel":62,"minecraft:iron_pickaxe":146,"minecraft:spruce_sapling":21,"minecraft:stone_axe":278,"minecraft:cobblestone":95,"minecraft:white_banner":5,"minecraft:cooked_porkchop":7,"minecraft:bucket":64,"minecraft:oak_boat":2},"minecraft:killed":{"minecraft:vindicator":4,"minecraft:spider":4,"minecraft:slime":18,"minecraft:skeleton":12,"minecraft:chicken":4,"minecraft:pig":3,"minecraft:sheep":24,"minecraft:pillager":10,"minecraft:zombie":23,"minecraft:enderman":1,"minecraft:cow":1},"minecraft:dropped":{"minecraft:iron_ingot":15,"minecraft:porkchop":5,"minecraft:wheat_seeds":21,"minecraft:lapis_lazuli":18,"minecraft:diamond_axe":1,"minecraft:diamond":3,"minecraft:poisonous_potato":1,"minecraft:diamond_leggings":1,"minecraft:cobblestone":5,"minecraft:granite":2,"minecraft:diorite":7,"minecraft:torch":1,"minecraft:bone_meal":165,"minecraft:sand":3,"minecraft:iron_pickaxe":1,"minecraft:iron_shovel":1,"minecraft:white_wool":2,"minecraft:spruce_sapling":1,"minecraft:dandelion":1,"minecraft:gravel":1,"minecraft:cooked_chicken":2,"minecraft:birch_sapling":1,"minecraft:chicken":1,"minecraft:iron_hoe":1,"minecraft:cooked_mutton":1,"minecraft:carrot":1,"minecraft:diamond_sword":1,"minecraft:diamond_chestplate":1,"minecraft:diamond_pickaxe":1,"minecraft:slime_ball":1,"minecraft:spruce_log":3,"minecraft:arrow":1,"minecraft:wooden_pickaxe":1,"minecraft:netherrack":26},"minecraft:crafted":{"minecraft:oak_planks":56,"minecraft:raw_iron":9,"minecraft:spruce_button":8,"minecraft:cooked_chicken":4,"minecraft:cooked_mutton":30,"minecraft:oak_trapdoor":2,"minecraft:scaffolding":18,"minecraft:iron_boots":1,"minecraft:polished_deepslate":108,"minecraft:iron_axe":1,"minecraft:ladder":3,"minecraft:stone_pickaxe":3,"minecraft:chest":1,"minecraft:crafting_table":1,"minecraft:spruce_planks":44,"minecraft:wooden_pickaxe":2,"minecraft:iron_helmet":1,"minecraft:iron_sword":1,"minecraft:bucket":1,"minecraft:campfire":1,"minecraft:stone_axe":4,"minecraft:deepslate_tiles":108,"minecraft:air":0,"minecraft:oak_boat":1,"minecraft:iron_chestplate":1,"minecraft:shield":2,"minecraft:stick":44,"minecraft:iron_ingot":34,"minecraft:iron_pickaxe":2,"minecraft:wooden_axe":1,"minecraft:iron_leggings":2,"minecraft:torch":36,"minecraft:deepslate_bricks":108},"minecraft:picked_up":{"minecraft:iron_chestplate":2,"minecraft:wheat":10,"minecraft:chicken":14,"minecraft:ladder":2,"minecraft:diamond_sword":1,"minecraft:wooden_pickaxe":2,"minecraft:shield":2,"minecraft:string":12,"minecraft:red_bed":1,"minecraft:moss_carpet":1,"minecraft:soul_soil":11,"minecraft:raw_copper":28,"minecraft:iron_axe":1,"minecraft:iron_leggings":2,"minecraft:iron_shovel":1,"minecraft:oak_sign":1,"minecraft:deepslate_tiles":18,"minecraft:diamond_leggings":1,"minecraft:cobbled_deepslate":83,"minecraft:spruce_planks":47,"minecraft:beef":9,"minecraft:oak_boat":3,"minecraft:iron_pickaxe":3,"minecraft:light_gray_wool":1,"minecraft:chest":2,"minecraft:birch_sapling":2,"minecraft:iron_boots":3,"minecraft:egg":12,"minecraft:stick":9,"minecraft:raw_iron":138,"minecraft:end_stone":4,"minecraft:stone":7,"minecraft:torch":36,"minecraft:porkchop":25,"minecraft:diorite":11,"minecraft:carrot":415,"minecraft:redstone":82,"minecraft:diamond_chestplate":2,"minecraft:arrow":20,"minecraft:rotten_flesh":57,"minecraft:mutton":78,"minecraft:white_wool":42,"minecraft:cobblestone":248,"minecraft:feather":8,"minecraft:cooked_beef":3,"minecraft:glow_ink_sac":6,"minecraft:brown_wool":4,"minecraft:leather":22,"minecraft:potato":2,"minecraft:flint":1,"minecraft:tuff":6,"minecraft:oak_log":25,"minecraft:gunpowder":1,"minecraft:lapis_lazuli":253,"minecraft:dirt":297,"minecraft:white_banner":9,"minecraft:cooked_mutton":3,"minecraft:bone":19,"minecraft:bow":2,"minecraft:wheat_seeds":56,"minecraft:raw_gold":8,"minecraft:iron_ingot":85,"minecraft:stone_pickaxe":4,"minecraft:cooked_chicken":1,"minecraft:diamond_helmet":1,"minecraft:bamboo":146,"minecraft:iron_sword":2,"minecraft:oak_planks":123,"minecraft:soul_sand":2,"minecraft:scaffolding":58,"minecraft:cooked_porkchop":7,"minecraft:sweet_berries":62,"minecraft:dandelion":1,"minecraft:raw_iron_block":1,"minecraft:poisonous_potato":1,"minecraft:gravel":2,"minecraft:sand":4,"minecraft:stripped_spruce_log":5,"minecraft:spruce_sapling":23,"minecraft:white_bed":1,"minecraft:spruce_log":131,"minecraft:spider_eye":1,"minecraft:iron_hoe":1,"minecraft:diamond_shovel":1,"minecraft:slime_ball":16,"minecraft:diamond":3,"minecraft:stone_axe":4,"minecraft:iron_helmet":2,"minecraft:granite":4,"minecraft:diamond_axe":1,"minecraft:bone_meal":165,"minecraft:spruce_button":2,"minecraft:emerald":10,"minecraft:oak_sapling":9,"minecraft:netherrack":36,"minecraft:black_wool":11,"minecraft:coal":19,"minecraft:diamond_pickaxe":2},"minecraft:mined":{"minecraft:deepslate_tiles":18,"minecraft:tuff":9,"minecraft:spruce_planks":1,"minecraft:white_bed":1,"minecraft:oak_sapling":1,"minecraft:end_stone":3,"minecraft:granite":2,"minecraft:ladder":2,"minecraft:grass_block":90,"minecraft:soul_soil":8,"minecraft:spruce_leaves":75,"minecraft:tall_seagrass":1,"minecraft:raw_iron_block":1,"minecraft:carrots":69,"minecraft:iron_ore":53,"minecraft:cobbled_deepslate":56,"minecraft:stripped_spruce_log":5,"minecraft:moss_carpet":1,"minecraft:potatoes":2,"minecraft:deepslate_iron_ore":28,"minecraft:bamboo_sapling":1,"minecraft:bamboo":11,"minecraft:stone":118,"minecraft:white_banner":2,"minecraft:white_wool":2,"minecraft:deepslate_redstone_ore":18,"minecraft:scaffolding":31,"minecraft:red_bed":1,"minecraft:soul_fire":4,"minecraft:dandelion":1,"minecraft:torch":6,"minecraft:spruce_button":2,"minecraft:chest":1,"minecraft:cobblestone":13,"minecraft:copper_ore":8,"minecraft:tall_grass":21,"minecraft:deepslate_gold_ore":3,"minecraft:lapis_ore":7,"minecraft:oak_planks":2,"minecraft:sculk":3,"minecraft:diorite":9,"minecraft:wall_torch":7,"minecraft:wheat":11,"minecraft:sweet_berry_bush":13,"minecraft:spruce_log":131,"minecraft:birch_leaves":13,"minecraft:black_wool":2,"minecraft:grass":260,"minecraft:oak_log":25,"minecraft:coal_ore":12,"minecraft:gravel":2,"minecraft:sand":2,"minecraft:dirt":72,"minecraft:netherrack":36,"minecraft:gold_ore":1,"minecraft:oak_leaves":19,"minecraft:deepslate":30},"minecraft:broken":{"minecraft:wooden_pickaxe":1,"minecraft:stone_pickaxe":1,"minecraft:iron_axe":1,"minecraft:stone_axe":2,"minecraft:wooden_axe":1}},"DataVersion":3465}