{"stats":{"minecraft:custom":{"minecraft:mob_kills":70,"minecraft:interact_with_crafting_table":66,"minecraft:open_barrel":7,"minecraft:open_shulker_box":3,"minecraft:leave_game":105,"minecraft:time_since_death":41079,"minecraft:climb_one_cm":8943,"minecraft:sprint_one_cm":2474371,"minecraft:walk_one_cm":2532390,"minecraft:drop":97,"minecraft:play_time":2046523,"minecraft:deaths":18,"minecraft:sneak_time":40566,"minecraft:walk_under_water_one_cm":104358,"minecraft:boat_one_cm":81321,"minecraft:jump":23407,"minecraft:interact_with_blast_furnace":2,"minecraft:walk_on_water_one_cm":121324,"minecraft:total_world_time":2046523,"minecraft:interact_with_furnace":17,"minecraft:sleep_in_bed":11,"minecraft:time_since_rest":33461,"minecraft:damage_taken":13759,"minecraft:damage_dealt":9607,"minecraft:swim_one_cm":111572,"minecraft:fly_one_cm":3822874,"minecraft:open_chest":247,"minecraft:crouch_one_cm":72553,"minecraft:interact_with_smoker":1,"minecraft:fall_one_cm":561498},"minecraft:killed_by":{"minecraft:zombified_piglin":1,"minecraft:creeper":2,"minecraft:skeleton":6,"minecraft:zombie":2},"minecraft:used":{"minecraft:moss_block":17,"minecraft:oak_trapdoor":5,"minecraft:stone_sword":53,"minecraft:spruce_slab":16,"minecraft:stone_shovel":655,"minecraft:oak_sign":7,"minecraft:chest":3,"minecraft:spruce_planks":20,"minecraft:iron_sword":112,"minecraft:stone_hoe":56,"minecraft:rotten_flesh":2,"minecraft:torch":7,"minecraft:soul_sand":1,"minecraft:dirt":206,"minecraft:spyglass":319,"minecraft:mutton":18,"minecraft:spruce_stairs":9,"minecraft:shulker_box":1,"minecraft:granite":1,"minecraft:snowball":3,"minecraft:stripped_spruce_log":18,"minecraft:spruce_boat":1,"minecraft:bamboo_raft":1,"minecraft:packed_ice":37,"minecraft:flowering_azalea":1,"minecraft:lantern":1,"minecraft:oak_stairs":7,"minecraft:bamboo_hanging_sign":2,"minecraft:bamboo":1,"minecraft:snow":6,"minecraft:bow":17,"minecraft:beef":7,"minecraft:soul_soil":4,"minecraft:oak_sapling":1,"minecraft:egg":4,"minecraft:cooked_beef":2,"minecraft:potato":1,"minecraft:cobbled_deepslate":2,"minecraft:iron_leggings":1,"minecraft:golden_boots":2,"minecraft:wheat_seeds":1923,"minecraft:water_bucket":246,"minecraft:diorite":1,"minecraft:cobblestone_stairs":1,"minecraft:snow_block":364,"minecraft:stone_pickaxe":312,"minecraft:oak_planks":92,"minecraft:wooden_pickaxe":186,"minecraft:cherry_planks":3,"minecraft:salmon":1,"minecraft:white_wool":3,"minecraft:sand":1,"minecraft:oak_slab":3,"minecraft:crafting_table":13,"minecraft:black_concrete_powder":16,"minecraft:spruce_log":34,"minecraft:oak_log":26,"minecraft:wooden_hoe":80,"minecraft:black_concrete":17,"minecraft:bread":246,"minecraft:stone_slab":4,"minecraft:spruce_trapdoor":3,"minecraft:gravel":3,"minecraft:stone_axe":170,"minecraft:pink_petals":1,"minecraft:cobblestone":168,"minecraft:porkchop":10,"minecraft:cooked_porkchop":9,"minecraft:bucket":246,"minecraft:andesite":4,"minecraft:ice":1,"minecraft:yellow_bed":3,"minecraft:oak_boat":2,"minecraft:stripped_oak_log":6,"minecraft:bone_meal":21},"minecraft:killed":{"minecraft:spider":3,"minecraft:skeleton":10,"minecraft:chicken":2,"minecraft:pig":7,"minecraft:salmon":1,"minecraft:creeper":4,"minecraft:squid":1,"minecraft:sheep":10,"minecraft:zombie":16,"minecraft:villager":1,"minecraft:cow":8},"minecraft:dropped":{"minecraft:bread":26,"minecraft:stone_hoe":1,"minecraft:iron_sword":1,"minecraft:wheat_seeds":8,"minecraft:crafting_table":1,"minecraft:iron_helmet":2,"minecraft:cobblestone":10,"minecraft:copper_ingot":2,"minecraft:torch":2,"minecraft:snowball":493,"minecraft:white_wool":2,"minecraft:spruce_sapling":2,"minecraft:snow_block":62,"minecraft:tuff":3,"minecraft:rotten_flesh":5,"minecraft:diamond_shovel":1,"minecraft:bamboo_raft":3,"minecraft:spruce_planks":32,"minecraft:iron_chestplate":4,"minecraft:charcoal":1,"minecraft:spruce_slab":16,"minecraft:spruce_log":2,"minecraft:arrow":6,"minecraft:wooden_pickaxe":2},"minecraft:mined":{"minecraft:spruce_planks":32,"minecraft:cobblestone_stairs":2,"minecraft:shulker_box":2,"minecraft:spruce_trapdoor":1,"minecraft:granite":7,"minecraft:grass_block":39,"minecraft:soul_soil":4,"minecraft:spruce_leaves":14,"minecraft:moss_block":5,"minecraft:oak_wall_sign":3,"minecraft:oak_trapdoor":4,"minecraft:iron_ore":17,"minecraft:snow":359,"minecraft:andesite":5,"minecraft:stripped_spruce_log":20,"minecraft:black_concrete":17,"minecraft:pumpkin":5,"minecraft:oak_sign":3,"minecraft:deepslate_iron_ore":8,"minecraft:lantern":1,"minecraft:stripped_oak_log":6,"minecraft:bamboo":2,"minecraft:stone":363,"minecraft:white_wool":3,"minecraft:spruce_slab":28,"minecraft:flowering_azalea":1,"minecraft:cherry_planks":2,"minecraft:soul_sand":1,"minecraft:snow_block":290,"minecraft:crafting_table":13,"minecraft:torch":1,"minecraft:campfire":1,"minecraft:tall_grass":23,"minecraft:copper_ore":22,"minecraft:cobblestone":14,"minecraft:sugar_cane":6,"minecraft:oak_planks":64,"minecraft:diorite":2,"minecraft:wall_torch":2,"minecraft:pink_petals":1,"minecraft:spruce_stairs":1,"minecraft:wheat":1048,"minecraft:sweet_berry_bush":13,"minecraft:spruce_log":5,"minecraft:yellow_bed":3,"minecraft:grass":189,"minecraft:coal_ore":26,"minecraft:oak_log":49,"minecraft:gravel":12,"minecraft:sand":9,"minecraft:dirt":74,"minecraft:bamboo_hanging_sign":1,"minecraft:oak_leaves":62},"minecraft:crafted":{"minecraft:black_dye":2,"minecraft:oak_planks":76,"minecraft:stone_shovel":5,"minecraft:oak_sign":3,"minecraft:stone":3,"minecraft:snow":6,"minecraft:bone_meal":36,"minecraft:oak_trapdoor":2,"minecraft:spruce_stairs":8,"minecraft:black_concrete_powder":16,"minecraft:stone_pickaxe":5,"minecraft:chest":3,"minecraft:spruce_boat":1,"minecraft:stone_hoe":1,"minecraft:crafting_table":3,"minecraft:spruce_planks":40,"minecraft:wooden_pickaxe":3,"minecraft:copper_ingot":6,"minecraft:bucket":1,"minecraft:stone_axe":2,"minecraft:bread":323,"minecraft:air":0,"minecraft:oak_boat":1,"minecraft:spruce_trapdoor":2,"minecraft:wooden_hoe":2,"minecraft:stick":44,"minecraft:stone_slab":6,"minecraft:oak_stairs":8,"minecraft:stone_sword":1,"minecraft:snow_block":367,"minecraft:torch":4,"minecraft:packed_ice":37},"minecraft:picked_up":{"minecraft:crafting_table":20,"minecraft:charcoal":1,"minecraft:iron_chestplate":9,"minecraft:wheat":1262,"minecraft:chicken":2,"minecraft:wooden_pickaxe":4,"minecraft:oak_stairs":2,"minecraft:raw_copper":108,"minecraft:soul_soil":4,"minecraft:oak_trapdoor":4,"minecraft:string":17,"minecraft:moss_carpet":12,"minecraft:iron_leggings":7,"minecraft:oak_sign":7,"minecraft:cobbled_deepslate":9,"minecraft:bucket":5,"minecraft:spruce_planks":78,"minecraft:beef":22,"minecraft:oak_boat":2,"minecraft:iron_nugget":4,"minecraft:poppy":3,"minecraft:spruce_slab":52,"minecraft:sugar_cane":6,"minecraft:spruce_trapdoor":1,"minecraft:egg":11,"minecraft:stick":9,"minecraft:raw_iron":25,"minecraft:bamboo_hanging_sign":1,"minecraft:torch":5,"minecraft:spruce_stairs":3,"minecraft:porkchop":36,"minecraft:snow_block":43,"minecraft:diorite":2,"minecraft:arrow":47,"minecraft:rotten_flesh":61,"minecraft:mutton":18,"minecraft:snowball":1869,"minecraft:white_wool":40,"minecraft:cobblestone":699,"minecraft:stripped_oak_log":6,"minecraft:pink_petals":55,"minecraft:feather":11,"minecraft:cooked_beef":2,"minecraft:cherry_planks":3,"minecraft:salmon":1,"minecraft:water_bucket":3,"minecraft:andesite":9,"minecraft:leather":18,"minecraft:potato":1,"minecraft:ice":326,"minecraft:flint":1,"minecraft:tuff":18,"minecraft:oak_log":50,"minecraft:golden_boots":4,"minecraft:yellow_bed":4,"minecraft:gunpowder":12,"minecraft:cobblestone_stairs":1,"minecraft:wooden_hoe":1,"minecraft:dirt":242,"minecraft:lantern":7,"minecraft:bone":35,"minecraft:bow":6,"minecraft:wheat_seeds":3948,"minecraft:stone_pickaxe":5,"minecraft:iron_ingot":3,"minecraft:bamboo":17,"minecraft:flowering_azalea":1,"minecraft:moss_block":19,"minecraft:oak_planks":76,"minecraft:iron_sword":3,"minecraft:stone_hoe":4,"minecraft:soul_sand":1,"minecraft:oak_slab":17,"minecraft:cooked_porkchop":41,"minecraft:pumpkin":5,"minecraft:sweet_berries":37,"minecraft:dandelion":9,"minecraft:spyglass":7,"minecraft:gravel":11,"minecraft:sand":9,"minecraft:bamboo_raft":4,"minecraft:stripped_spruce_log":25,"minecraft:spruce_sapling":14,"minecraft:ink_sac":3,"minecraft:spruce_log":15,"minecraft:spider_eye":17,"minecraft:shulker_box":1,"minecraft:black_concrete":17,"minecraft:spruce_boat":1,"minecraft:stone_axe":2,"minecraft:iron_helmet":2,"minecraft:granite":7,"minecraft:cherry_sapling":6,"minecraft:bone_meal":48,"minecraft:gray_wool":1,"minecraft:bread":306,"minecraft:oak_button":6,"minecraft:oak_sapling":7,"minecraft:black_wool":1,"minecraft:coal":27},"minecraft:broken":{"minecraft:golden_boots":1,"minecraft:wooden_pickaxe":3,"minecraft:stone_pickaxe":1,"minecraft:stone_axe":1,"minecraft:iron_sword":1,"minecraft:wooden_hoe":1,"minecraft:stone_shovel":5}},"DataVersion":3465}