{"stats":{"minecraft:used":{"minecraft:moss_block":1,"minecraft:cooked_mutton":3,"minecraft:wheat_seeds":7,"minecraft:stone_pickaxe":1432,"minecraft:spruce_planks":4,"minecraft:oak_sign":2,"minecraft:blackstone":1,"minecraft:chest":2,"minecraft:wooden_pickaxe":3,"minecraft:netherrack":56,"minecraft:soul_sand":6,"minecraft:crafting_table":6,"minecraft:spruce_log":1,"minecraft:wooden_axe":15,"minecraft:diamond_pickaxe":131,"minecraft:brown_wool":1,"minecraft:iron_pickaxe":45,"minecraft:light_gray_wool":1,"minecraft:wooden_sword":2,"minecraft:golden_carrot":1,"minecraft:cobblestone":51,"minecraft:cooked_beef":5,"minecraft:experience_bottle":1,"minecraft:cobbled_deepslate":114},"minecraft:custom":{"minecraft:interact_with_furnace":18,"minecraft:mob_kills":7,"minecraft:interact_with_crafting_table":19,"minecraft:leave_game":4,"minecraft:time_since_death":17744,"minecraft:sleep_in_bed":1,"minecraft:climb_one_cm":2941,"minecraft:time_since_rest":17777,"minecraft:sprint_one_cm":188989,"minecraft:damage_taken":800,"minecraft:walk_one_cm":159038,"minecraft:drop":33,"minecraft:damage_dealt":820,"minecraft:swim_one_cm":4822,"minecraft:fly_one_cm":160779,"minecraft:open_chest":103,"minecraft:crouch_one_cm":52367,"minecraft:play_time":120686,"minecraft:deaths":1,"minecraft:sneak_time":18549,"minecraft:walk_under_water_one_cm":1479,"minecraft:jump":1291,"minecraft:interact_with_blast_furnace":5,"minecraft:walk_on_water_one_cm":5334,"minecraft:total_world_time":120686,"minecraft:fall_one_cm":24673},"minecraft:picked_up":{"minecraft:crafting_table":4,"minecraft:wheat":7,"minecraft:golden_carrot":1,"minecraft:brown_wool":1,"minecraft:leather":3,"minecraft:wooden_pickaxe":1,"minecraft:tuff":11,"minecraft:oak_log":4,"minecraft:ancient_debris":36,"minecraft:dirt":11,"minecraft:blackstone":23,"minecraft:wheat_seeds":22,"minecraft:cobbled_deepslate":154,"minecraft:beef":8,"minecraft:stone_pickaxe":14,"minecraft:spruce_slab":1,"minecraft:light_gray_wool":1,"minecraft:moss_block":1,"minecraft:oak_planks":3,"minecraft:soul_sand":7,"minecraft:stick":20,"minecraft:raw_iron":8,"minecraft:smooth_basalt":1,"minecraft:gravel":1,"minecraft:stripped_spruce_log":1,"minecraft:spruce_sapling":2,"minecraft:diorite":5,"minecraft:spruce_log":8,"minecraft:diamond":38,"minecraft:granite":10,"minecraft:gold_ingot":1,"minecraft:obsidian":4,"minecraft:netherrack":513,"minecraft:mutton":3,"minecraft:bone_block":10,"minecraft:cobblestone":127},"minecraft:killed":{"minecraft:zombified_piglin":1,"minecraft:horse":1,"minecraft:sheep":2,"minecraft:cow":3},"minecraft:mined":{"minecraft:diamond_ore":8,"minecraft:tuff":11,"minecraft:flowering_azalea":1,"minecraft:blackstone":27,"minecraft:soul_sand":15,"minecraft:deepslate_diamond_ore":30,"minecraft:soul_fire":8,"minecraft:obsidian":4,"minecraft:crafting_table":4,"minecraft:granite":10,"minecraft:grass_block":1,"minecraft:nether_quartz_ore":35,"minecraft:soul_soil":3,"minecraft:spruce_leaves":4,"minecraft:moss_block":1,"minecraft:diorite":5,"minecraft:magma_block":18,"minecraft:iron_ore":3,"minecraft:wheat":7,"minecraft:spruce_log":8,"minecraft:oak_log":4,"minecraft:deepslate_iron_ore":4,"minecraft:gravel":8,"minecraft:dirt":11,"minecraft:smooth_basalt":1,"minecraft:stone":122,"minecraft:netherrack":1114,"minecraft:ancient_debris":36,"minecraft:bone_block":10,"minecraft:oak_leaves":4,"minecraft:deepslate":154},"minecraft:crafted":{"minecraft:cooked_beef":8,"minecraft:wooden_sword":1,"minecraft:oak_planks":68,"minecraft:diamond_sword":1,"minecraft:diamond_axe":1,"minecraft:crafting_table":2,"minecraft:spruce_planks":40,"minecraft:diamond_hoe":1,"minecraft:wooden_pickaxe":1,"minecraft:diamond_shovel":1,"minecraft:air":0,"minecraft:cooked_mutton":3,"minecraft:diamond_helmet":1,"minecraft:diamond_leggings":1,"minecraft:diamond_pickaxe":1,"minecraft:stick":152,"minecraft:iron_ingot":3,"minecraft:iron_pickaxe":1,"minecraft:stone_pickaxe":53,"minecraft:wooden_axe":1,"minecraft:chest":1,"minecraft:diamond_boots":1,"minecraft:diamond_chestplate":1},"minecraft:dropped":{"minecraft:soul_sand":1,"minecraft:raw_iron":1,"minecraft:cobblestone":2,"minecraft:wooden_axe":1,"minecraft:wooden_sword":1,"minecraft:stone_pickaxe":26,"minecraft:wooden_pickaxe":2},"minecraft:broken":{"minecraft:stone_pickaxe":10}},"DataVersion":3465}