{"stats":{"minecraft:killed":{"minecraft:spider":1,"minecraft:sheep":3,"minecraft:skeleton":1,"minecraft:zombie":3},"minecraft:broken":{"minecraft:stone_pickaxe":1},"minecraft:killed_by":{"minecraft:skeleton":2,"minecraft:creeper":2},"minecraft:dropped":{"minecraft:rotten_flesh":1},"minecraft:crafted":{"minecraft:oak_planks":68,"minecraft:oak_sign":3,"minecraft:crafting_table":1,"minecraft:wooden_pickaxe":1,"minecraft:baked_potato":23,"minecraft:iron_sword":1,"minecraft:furnace":1,"minecraft:bucket":1,"minecraft:stone_axe":1,"minecraft:air":0,"minecraft:shield":1,"minecraft:stick":16,"minecraft:iron_ingot":12,"minecraft:iron_pickaxe":1,"minecraft:stone_pickaxe":3,"minecraft:chest":1,"minecraft:white_bed":1,"minecraft:torch":8},"minecraft:custom":{"minecraft:interact_with_furnace":10,"minecraft:mob_kills":8,"minecraft:interact_with_crafting_table":19,"minecraft:leave_game":3,"minecraft:time_since_death":21111,"minecraft:sleep_in_bed":1,"minecraft:climb_one_cm":1805,"minecraft:time_since_rest":21141,"minecraft:sprint_one_cm":143481,"minecraft:damage_taken":2250,"minecraft:walk_one_cm":187417,"minecraft:damage_blocked_by_shield":810,"minecraft:drop":1,"minecraft:damage_dealt":1198,"minecraft:swim_one_cm":33858,"minecraft:fly_one_cm":169016,"minecraft:open_chest":33,"minecraft:crouch_one_cm":12490,"minecraft:play_time":80134,"minecraft:deaths":6,"minecraft:sneak_time":7442,"minecraft:walk_under_water_one_cm":19724,"minecraft:jump":1261,"minecraft:walk_on_water_one_cm":13115,"minecraft:interact_with_smoker":9,"minecraft:total_world_time":80134,"minecraft:fall_one_cm":55464},"minecraft:picked_up":{"minecraft:crafting_table":1,"minecraft:glow_ink_sac":3,"minecraft:andesite":1,"minecraft:potato":90,"minecraft:flint":3,"minecraft:tuff":1,"minecraft:oak_log":17,"minecraft:shield":1,"minecraft:amethyst_block":19,"minecraft:lapis_lazuli":54,"minecraft:dirt":47,"minecraft:raw_copper":7,"minecraft:bone":2,"minecraft:oak_sign":1,"minecraft:wheat_seeds":3,"minecraft:cobbled_deepslate":24,"minecraft:bucket":2,"minecraft:stone_pickaxe":7,"minecraft:calcite":8,"minecraft:iron_pickaxe":1,"minecraft:sugar_cane":6,"minecraft:iron_sword":1,"minecraft:oak_planks":42,"minecraft:raw_iron":66,"minecraft:smooth_basalt":2,"minecraft:sweet_berries":17,"minecraft:torch":25,"minecraft:gravel":28,"minecraft:amethyst_shard":20,"minecraft:redstone":39,"minecraft:arrow":1,"minecraft:rotten_flesh":7,"minecraft:diamond":3,"minecraft:stone_axe":1,"minecraft:nether_bricks":1,"minecraft:granite":4,"minecraft:baked_potato":71,"minecraft:oak_sapling":2,"minecraft:mutton":5,"minecraft:coal":17,"minecraft:white_wool":3,"minecraft:cobblestone":490},"minecraft:mined":{"minecraft:deepslate_redstone_ore":9,"minecraft:tuff":1,"minecraft:deepslate_diamond_ore":3,"minecraft:amethyst_cluster":4,"minecraft:crafting_table":1,"minecraft:torch":7,"minecraft:nether_bricks":1,"minecraft:granite":10,"minecraft:budding_amethyst":1,"minecraft:calcite":6,"minecraft:grass_block":4,"minecraft:copper_ore":2,"minecraft:cobblestone":8,"minecraft:tall_grass":1,"minecraft:lapis_ore":8,"minecraft:sugar_cane":2,"minecraft:wall_torch":9,"minecraft:amethyst_block":9,"minecraft:iron_ore":39,"minecraft:fire":1,"minecraft:sweet_berry_bush":3,"minecraft:andesite":1,"minecraft:grass":43,"minecraft:coal_ore":17,"minecraft:potatoes":25,"minecraft:oak_log":17,"minecraft:deepslate_iron_ore":18,"minecraft:oak_sign":1,"minecraft:gravel":18,"minecraft:dirt":12,"minecraft:smooth_basalt":2,"minecraft:stone":169,"minecraft:oak_leaves":14,"minecraft:deepslate":19},"minecraft:used":{"minecraft:calcite":3,"minecraft:water_bucket":2,"minecraft:stone_pickaxe":270,"minecraft:baked_potato":16,"minecraft:oak_sign":2,"minecraft:shield":15,"minecraft:chest":1,"minecraft:wooden_pickaxe":13,"minecraft:iron_sword":19,"minecraft:torch":28,"minecraft:dirt":8,"minecraft:mutton":1,"minecraft:crafting_table":2,"minecraft:white_bed":1,"minecraft:tuff":1,"minecraft:granite":4,"minecraft:lava_bucket":1,"minecraft:iron_pickaxe":103,"minecraft:gravel":5,"minecraft:stone_axe":11,"minecraft:cobblestone":116,"minecraft:sweet_berries":9,"minecraft:oak_sapling":2,"minecraft:furnace":1,"minecraft:andesite":1,"minecraft:bucket":4,"minecraft:potato":25,"minecraft:cobbled_deepslate":23}},"DataVersion":3465}