{"stats":{"minecraft:used":{"minecraft:moss_block":3,"minecraft:iron_shovel":53,"minecraft:flint_and_steel":1,"minecraft:spruce_slab":38,"minecraft:stone_shovel":235,"minecraft:oak_sign":1,"minecraft:chest":3,"minecraft:spruce_planks":2,"minecraft:shield":7,"minecraft:rotten_flesh":4,"minecraft:stone_hoe":26,"minecraft:oak_door":9,"minecraft:torch":74,"minecraft:dirt":122,"minecraft:spruce_stairs":12,"minecraft:spruce_fence":17,"minecraft:flowering_azalea":1,"minecraft:lava_bucket":1,"minecraft:iron_axe":90,"minecraft:iron_helmet":2,"minecraft:iron_boots":1,"minecraft:bamboo":17,"minecraft:sweet_berries":25,"minecraft:furnace":5,"minecraft:egg":1,"minecraft:cooked_beef":7,"minecraft:potato":23,"minecraft:iron_leggings":1,"minecraft:wheat_seeds":55,"minecraft:cooked_mutton":6,"minecraft:water_bucket":5,"minecraft:diorite":1,"minecraft:stone_pickaxe":245,"minecraft:oak_planks":43,"minecraft:wooden_pickaxe":21,"minecraft:cobblestone_slab":17,"minecraft:oak_slab":61,"minecraft:crafting_table":12,"minecraft:smoker":5,"minecraft:shears":82,"minecraft:spruce_log":45,"minecraft:oak_log":20,"minecraft:apple":1,"minecraft:bread":3,"minecraft:iron_pickaxe":403,"minecraft:spruce_sapling":5,"minecraft:gravel":9,"minecraft:stone_axe":352,"minecraft:cobblestone":122,"minecraft:cooked_porkchop":8,"minecraft:bucket":16,"minecraft:yellow_bed":2,"minecraft:oak_boat":1,"minecraft:dandelion":1,"minecraft:oak_hanging_sign":1,"minecraft:bone_meal":21},"minecraft:custom":{"minecraft:mob_kills":32,"minecraft:interact_with_crafting_table":44,"minecraft:leave_game":51,"minecraft:time_since_death":18675,"minecraft:climb_one_cm":566,"minecraft:sprint_one_cm":463322,"minecraft:walk_one_cm":391121,"minecraft:damage_blocked_by_shield":270,"minecraft:drop":21,"minecraft:play_time":194755,"minecraft:deaths":2,"minecraft:sneak_time":8279,"minecraft:walk_under_water_one_cm":21974,"minecraft:boat_one_cm":33030,"minecraft:jump":4480,"minecraft:walk_on_water_one_cm":20701,"minecraft:total_world_time":194755,"minecraft:interact_with_furnace":32,"minecraft:sleep_in_bed":6,"minecraft:time_since_rest":11064,"minecraft:damage_taken":1783,"minecraft:damage_dealt":4882,"minecraft:swim_one_cm":116533,"minecraft:fly_one_cm":716062,"minecraft:open_chest":110,"minecraft:crouch_one_cm":22268,"minecraft:interact_with_smoker":13,"minecraft:fall_one_cm":140217},"minecraft:picked_up":{"minecraft:crafting_table":8,"minecraft:wheat":49,"minecraft:chain":2,"minecraft:raw_copper":69,"minecraft:iron_axe":1,"minecraft:cobbled_deepslate":12,"minecraft:spruce_planks":1,"minecraft:beef":9,"minecraft:oak_boat":1,"minecraft:cobblestone_slab":6,"minecraft:azalea":6,"minecraft:iron_pickaxe":1,"minecraft:azalea_leaves":56,"minecraft:sugar_cane":9,"minecraft:egg":1,"minecraft:furnace":3,"minecraft:stick":21,"minecraft:raw_iron":99,"minecraft:oak_door":15,"minecraft:torch":8,"minecraft:spruce_stairs":2,"minecraft:flowering_azalea_leaves":26,"minecraft:spruce_fence":2,"minecraft:porkchop":8,"minecraft:cherry_log":5,"minecraft:diorite":2,"minecraft:redstone":35,"minecraft:arrow":3,"minecraft:rotten_flesh":10,"minecraft:mutton":13,"minecraft:cobblestone":298,"minecraft:white_wool":3,"minecraft:stripped_oak_log":18,"minecraft:cooked_beef":9,"minecraft:andesite":18,"minecraft:leather":4,"minecraft:smoker":4,"minecraft:potato":13,"minecraft:flint":4,"minecraft:oak_log":164,"minecraft:yellow_bed":2,"minecraft:gunpowder":4,"minecraft:lapis_lazuli":37,"minecraft:dirt":266,"minecraft:bone":3,"minecraft:apple":2,"minecraft:bow":1,"minecraft:wheat_seeds":161,"minecraft:raw_gold":10,"minecraft:bamboo":15,"minecraft:flowering_azalea":2,"minecraft:oak_planks":11,"minecraft:oak_slab":5,"minecraft:pumpkin":10,"minecraft:sweet_berries":49,"minecraft:dandelion":1,"minecraft:gravel":23,"minecraft:sand":50,"minecraft:spruce_sapling":12,"minecraft:ink_sac":3,"minecraft:spruce_log":124,"minecraft:granite":1,"minecraft:rooted_dirt":1,"minecraft:oak_sapling":9,"minecraft:coal":340},"minecraft:killed":{"minecraft:spider":1,"minecraft:skeleton":4,"minecraft:drowned":1,"minecraft:pig":5,"minecraft:creeper":4,"minecraft:squid":1,"minecraft:sheep":3,"minecraft:zombie":8,"minecraft:cow":4},"minecraft:mined":{"minecraft:spruce_planks":1,"minecraft:dark_oak_fence":3,"minecraft:granite":1,"minecraft:grass_block":134,"minecraft:spruce_fence":2,"minecraft:spruce_leaves":70,"minecraft:rooted_dirt":1,"minecraft:redstone_ore":6,"minecraft:furnace":3,"minecraft:spruce_sapling":2,"minecraft:iron_ore":87,"minecraft:fire":1,"minecraft:andesite":18,"minecraft:pumpkin":10,"minecraft:deepslate_lapis_ore":1,"minecraft:potatoes":4,"minecraft:cobblestone_slab":6,"minecraft:flowering_azalea_leaves":26,"minecraft:deepslate_iron_ore":11,"minecraft:stripped_oak_log":18,"minecraft:azalea_leaves":56,"minecraft:bamboo":1,"minecraft:azalea":6,"minecraft:stone":260,"minecraft:deepslate_redstone_ore":2,"minecraft:oak_slab":5,"minecraft:flowering_azalea":2,"minecraft:smoker":4,"minecraft:crafting_table":8,"minecraft:tall_grass":65,"minecraft:copper_ore":21,"minecraft:cobblestone":24,"minecraft:lapis_ore":5,"minecraft:sugar_cane":5,"minecraft:oak_planks":11,"minecraft:diorite":2,"minecraft:seagrass":1,"minecraft:spruce_stairs":2,"minecraft:wheat":51,"minecraft:sweet_berry_bush":24,"minecraft:spruce_log":128,"minecraft:yellow_bed":2,"minecraft:grass":153,"minecraft:coal_ore":182,"minecraft:oak_log":165,"minecraft:gravel":27,"minecraft:sand":50,"minecraft:dirt":119,"minecraft:gold_ore":10,"minecraft:oak_leaves":29,"minecraft:deepslate":10,"minecraft:fern":1},"minecraft:crafted":{"minecraft:oak_door":6,"minecraft:oak_planks":184,"minecraft:cobblestone_slab":102,"minecraft:stone_shovel":3,"minecraft:oak_sign":3,"minecraft:iron_nugget":9,"minecraft:chain":4,"minecraft:furnace":4,"minecraft:oak_hanging_sign":6,"minecraft:bone_meal":9,"minecraft:spruce_fence":15,"minecraft:cooked_mutton":13,"minecraft:flint_and_steel":1,"minecraft:spruce_stairs":12,"minecraft:iron_boots":1,"minecraft:iron_axe":1,"minecraft:spruce_slab":60,"minecraft:stone_pickaxe":2,"minecraft:chest":3,"minecraft:stone_hoe":1,"minecraft:smoker":1,"minecraft:cooked_beef":1,"minecraft:oak_slab":84,"minecraft:cooked_porkchop":8,"minecraft:crafting_table":4,"minecraft:spruce_planks":88,"minecraft:wooden_pickaxe":1,"minecraft:iron_helmet":1,"minecraft:bucket":11,"minecraft:stone_axe":3,"minecraft:bread":16,"minecraft:air":0,"minecraft:oak_boat":1,"minecraft:iron_chestplate":1,"minecraft:shield":1,"minecraft:stick":48,"minecraft:iron_ingot":99,"minecraft:iron_pickaxe":2,"minecraft:iron_shovel":1,"minecraft:iron_leggings":1,"minecraft:torch":72,"minecraft:shears":1},"minecraft:broken":{"minecraft:stone_pickaxe":1,"minecraft:stone_axe":3,"minecraft:iron_pickaxe":1,"minecraft:stone_shovel":1},"minecraft:dropped":{"minecraft:wheat_seeds":8,"minecraft:cobblestone":64,"minecraft:granite":1,"minecraft:spruce_stairs":2,"minecraft:stick":6,"minecraft:dirt":18,"minecraft:diorite":1,"minecraft:torch":3,"minecraft:iron_axe":1,"minecraft:iron_pickaxe":1,"minecraft:white_wool":3,"minecraft:spruce_sapling":3,"minecraft:oak_door":6,"minecraft:raw_copper":5,"minecraft:spruce_planks":1,"minecraft:andesite":18}},"DataVersion":3465}